date,close
2004-06-01,1000
2004-06-02,1010.567341
2004-06-03,992.784608
2004-06-04,990.274001
2004-06-07,996.30667
2004-06-08,992.666802
2004-06-09,984.822225
2004-06-10,981.052572
2004-06-11,971.221402
2004-06-14,971.213927
2004-06-15,977.664389
2004-06-16,990.625797
2004-06-17,998.814048
2004-06-18,992.842511
2004-06-21,990.314851
2004-06-22,997.867357
2004-06-23,994.655816
2004-06-24,1007.220899
2004-06-25,1007.078116
2004-06-28,1010.502047
2004-06-29,1012.372421
2004-06-30,1007.116898
2004-07-01,1018.054727
2004-07-02,1009.749851
2004-07-05,1009.173629
2004-07-06,1009.928492
2004-07-07,990.688674
2004-07-08,988.396033
2004-07-09,983.149393
2004-07-12,981.626829
2004-07-13,978.64124
2004-07-14,974.668656
2004-07-15,980.784788
2004-07-16,976.607662
2004-07-19,974.577819
2004-07-20,979.201174
2004-07-21,972.781102
2004-07-22,967.547442
2004-07-23,962.844948
2004-07-26,956.301439
2004-07-27,955.083909
2004-07-28,955.145716
2004-07-29,965.792791
2004-07-30,965.705558
2004-08-02,963.654914
2004-08-03,960.522268
2004-08-04,961.922835
2004-08-05,972.468999
2004-08-06,963.58633
2004-08-09,961.415076
2004-08-10,952.106729
2004-08-11,953.05651
2004-08-12,945.588324
2004-08-13,955.145492
2004-08-16,958.371191
2004-08-17,966.201439
2004-08-18,966.596051
2004-08-19,963.289545
2004-08-20,968.53004
2004-08-23,970.976457
2004-08-24,976.021247
2004-08-25,972.399326
2004-08-26,976.379461
2004-08-27,971.705076
2004-08-30,970.739107
2004-08-31,979.09811
2004-09-01,978.597305
2004-09-02,987.030064
2004-09-03,984.155717
2004-09-06,979.442619
2004-09-07,976.866175
2004-09-08,983.944179
2004-09-09,977.645302
2004-09-10,977.278452
2004-09-13,982.416613
2004-09-14,980.579104
2004-09-15,982.051485
2004-09-16,990.210291
2004-09-17,991.020143
2004-09-20,990.642183
2004-09-21,990.032508
2004-09-22,1004.696076
2004-09-23,1000.000996
2004-09-24,999.930841
2004-09-27,999.999019
2004-09-28,1004.354322
2004-09-29,1001.720288
2004-09-30,996.995925
2004-10-08,1007.801984
2004-10-11,1010.297401
2004-10-12,991.913453
2004-10-13,979.11236
2004-10-14,969.075998
2004-10-15,963.532566
2004-10-18,964.984439
2004-10-19,963.982045
2004-10-20,964.516087
2004-10-21,964.749767
2004-10-22,964.782921
2004-10-25,972.766138
2004-10-26,965.477728
2004-10-27,965.803622
2004-10-28,963.196294
2004-10-29,958.456559
2004-11-01,957.620606
2004-11-02,962.635221
2004-11-03,967.723534
2004-11-04,964.116336
2004-11-05,964.528563
2004-11-08,970.113743
2004-11-09,967.17011
2004-11-10,965.93446
2004-11-11,965.891608
2004-11-12,965.35576
2004-11-15,975.223267
2004-11-16,969.790403
2004-11-17,980.643631
2004-11-18,986.965378
2004-11-19,980.182408
2004-11-22,980.388576
2004-11-23,979.807828
2004-11-24,979.359207
2004-11-25,983.000369
2004-11-26,986.718271
2004-11-29,978.850343
2004-11-30,979.035711
2004-12-01,977.161378
2004-12-02,972.059149
2004-12-03,965.828441
2004-12-06,965.956076
2004-12-07,966.357406
2004-12-08,958.496513
2004-12-09,964.285131
2004-12-10,962.460798
2004-12-13,969.81958
2004-12-14,973.04324
2004-12-15,976.728036
2004-12-16,980.334648
2004-12-17,969.304395
2004-12-20,977.628067
2004-12-21,974.428395
2004-12-22,977.60554
2004-12-23,971.474393
2004-12-24,975.366835
2004-12-27,975.12487
2004-12-28,970.689662
2004-12-29,969.013498
2004-12-30,968.891769
2004-12-31,974.026097
2005-01-04,960.790802
2005-01-05,955.902688
2005-01-06,963.334583
2005-01-07,966.844579
2005-01-10,963.810896
2005-01-11,968.615878
2005-01-12,973.592403
2005-01-13,972.568406
2005-01-14,971.7379
2005-01-17,971.422311
2005-01-18,972.285277
2005-01-19,974.560681
2005-01-20,972.955764
2005-01-21,976.620718
2005-01-24,982.894349
2005-01-25,977.095931
2005-01-26,972.840238
2005-01-27,976.412504
2005-01-28,973.602593
2005-01-31,969.316689
2005-02-01,972.550315
2005-02-02,970.441396
2005-02-03,967.982701
2005-02-04,971.367633
2005-02-16,984.02865
2005-02-17,984.108387
2005-02-18,992.047949
2005-02-21,997.29449
2005-02-22,1009.240135
2005-02-23,1009.151158
2005-02-24,1021.006796
2005-02-25,1011.552122
2005-02-28,1036.344661
2005-03-01,1033.078761
2005-03-02,1041.665598
2005-03-03,1038.887652
2005-03-04,1033.538313
2005-03-07,1040.847374
2005-03-08,1036.633469
2005-03-09,1046.713433
2005-03-10,1049.89756
2005-03-11,1049.576328
2005-03-14,1061.610666
2005-03-15,1075.04883
2005-03-16,1099.390918
2005-03-17,1096.829601
2005-03-18,1073.508807
2005-03-21,1067.855943
2005-03-22,1058.480921
2005-03-23,1047.189745
2005-03-24,1054.844493
2005-03-25,1062.282227
2005-03-28,1059.112557
2005-03-29,1064.495705
2005-03-30,1061.101258
2005-03-31,1074.870414
2005-04-01,1066.482505
2005-04-04,1060.350556
2005-04-05,1058.960283
2005-04-06,1065.6212
2005-04-07,1074.181116
2005-04-08,1061.833911
2005-04-11,1059.477336
2005-04-12,1064.283638
2005-04-13,1051.598134
2005-04-14,1042.70269
2005-04-15,1043.584532
2005-04-18,1043.063985
2005-04-19,1055.247553
2005-04-20,1072.768262
2005-04-21,1052.299556
2005-04-22,1060.838267
2005-04-25,1059.962302
2005-04-26,1058.698554
2005-04-27,1054.32046
2005-04-28,1057.114143
2005-04-29,1055.435962
2005-05-09,1061.507798
2005-05-10,1062.249506
2005-05-11,1058.185158
2005-05-12,1054.782082
2005-05-13,1039.221201
2005-05-16,1043.315505
2005-05-17,1038.768262
2005-05-18,1045.800901
2005-05-19,1044.193029
2005-05-20,1044.694577
2005-05-23,1052.749725
2005-05-24,1050.648322
2005-05-25,1051.838838
2005-05-26,1064.017957
2005-05-27,1070.881552
2005-05-30,1070.242831
2005-05-31,1069.557482
2005-06-01,1063.600116
2005-06-02,1071.926587
2005-06-03,1073.670381
2005-06-06,1102.932237
2005-06-07,1095.986965
2005-06-08,1089.578867
2005-06-09,1089.508886
2005-06-10,1097.589025
2005-06-13,1098.783066
2005-06-14,1093.097014
2005-06-15,1098.063255
2005-06-16,1100.661339
2005-06-17,1105.585198
2005-06-20,1124.287731
2005-06-21,1116.343442
2005-06-22,1122.01445
2005-06-23,1108.918922
2005-06-24,1117.735307
2005-06-27,1115.01359
2005-06-28,1097.267471
2005-06-29,1091.277437
2005-06-30,1087.640868
2005-07-01,1093.736011
2005-07-04,1096.86944
2005-07-05,1097.663126
2005-07-06,1104.338574
2005-07-07,1109.852248
2005-07-08,1110.944747
2005-07-11,1112.039413
2005-07-12,1119.227536
2005-07-13,1106.942934
2005-07-14,1112.916536
2005-07-15,1112.477848
2005-07-18,1109.938991
2005-07-19,1108.684777
2005-07-20,1097.089481
2005-07-21,1101.083052
2005-07-22,1094.482868
2005-07-25,1103.734429
2005-07-26,1107.605667
2005-07-27,1103.073598
2005-07-28,1107.828516
2005-07-29,1105.578001
2005-08-01,1095.218307
2005-08-02,1099.936821
2005-08-03,1100.368279
2005-08-04,1089.722884
2005-08-05,1091.992323
2005-08-08,1086.607745
2005-08-09,1083.93765
2005-08-10,1070.263013
2005-08-11,1079.720451
2005-08-12,1077.398709
2005-08-15,1076.295542
2005-08-16,1074.053203
2005-08-17,1069.838884
2005-08-18,1069.721745
2005-08-19,1065.197648
2005-08-22,1077.795345
2005-08-23,1083.557288
2005-08-24,1080.301163
2005-08-25,1081.011178
2005-08-26,1073.683008
2005-08-29,1085.385006
2005-08-30,1083.967317
2005-08-31,1093.86212
2005-09-01,1087.990453
2005-09-02,1095.753791
2005-09-05,1100.373674
2005-09-06,1100.466896
2005-09-07,1097.360665
2005-09-08,1100.322515
2005-09-09,1096.337776
2005-09-12,1086.268448
2005-09-13,1084.924338
2005-09-14,1083.843074
2005-09-15,1081.686803
2005-09-16,1077.392559
2005-09-19,1077.204373
2005-09-20,1084.040999
2005-09-21,1086.872363
2005-09-22,1095.533065
2005-09-23,1095.006204
2005-09-26,1093.231118
2005-09-27,1095.284418
2005-09-28,1099.618078
2005-09-29,1106.714661
2005-09-30,1103.741142
2005-10-10,1123.553025
2005-10-11,1125.202648
2005-10-12,1132.10299
2005-10-13,1135.672326
2005-10-14,1129.662874
2005-10-17,1137.452447
2005-10-18,1139.524129
2005-10-19,1131.567856
2005-10-20,1132.618001
2005-10-21,1115.803069
2005-10-24,1121.653943
2005-10-25,1116.292599
2005-10-26,1116.458024
2005-10-27,1112.732195
2005-10-28,1112.91563
2005-10-31,1108.301218
2005-11-01,1116.535397
2005-11-02,1115.822553
2005-11-03,1116.927322
2005-11-04,1118.253437
2005-11-07,1110.939094
2005-11-08,1110.214387
2005-11-09,1104.045401
2005-11-10,1106.816819
2005-11-11,1112.186244
2005-11-14,1115.492374
2005-11-15,1113.68907
2005-11-16,1113.569623
2005-11-17,1109.911551
2005-11-18,1102.14262
2005-11-21,1102.167398
2005-11-22,1104.98241
2005-11-23,1091.636815
2005-11-24,1091.241588
2005-11-25,1095.708248
2005-11-28,1076.254404
2005-11-29,1078.026769
2005-11-30,1088.209277
2005-12-01,1087.342576
2005-12-02,1099.479799
2005-12-05,1105.798831
2005-12-06,1111.233094
2005-12-07,1111.17142
2005-12-08,1115.169785
2005-12-09,1126.500454
2005-12-12,1145.709859
2005-12-13,1137.647133
2005-12-14,1147.395803
2005-12-15,1139.310068
2005-12-16,1143.474576
2005-12-19,1152.448418
2005-12-20,1154.363141
2005-12-21,1149.722659
2005-12-22,1163.491375
2005-12-23,1165.721486
2005-12-26,1176.608552
2005-12-27,1175.017603
2005-12-28,1174.470702
2005-12-29,1168.11409
2005-12-30,1167.07926
2006-01-04,1191.10167
2006-01-05,1193.264517
2006-01-06,1197.807468
2006-01-09,1194.964525
2006-01-10,1198.530484
2006-01-11,1194.814452
2006-01-12,1193.317148
2006-01-13,1192.367915
2006-01-16,1208.101848
2006-01-17,1203.433358
2006-01-18,1184.843957
2006-01-19,1198.373003
2006-01-20,1197.752152
2006-01-23,1203.90086
2006-01-24,1205.725993
2006-01-25,1216.844407
2006-01-26,1226.916141
2006-01-27,1239.500422
2006-02-06,1269.908707
2006-02-07,1288.625696
2006-02-08,1246.454016
2006-02-09,1263.202489
2006-02-10,1258.47837
2006-02-13,1241.226747
2006-02-14,1238.89333
2006-02-15,1244.030931
2006-02-16,1225.642521
2006-02-17,1224.008831
2006-02-20,1228.256491
2006-02-21,1231.545362
2006-02-22,1227.674114
2006-02-23,1214.673843
2006-02-24,1222.802827
2006-02-27,1207.088826
2006-02-28,1205.49542
2006-03-01,1205.529354
2006-03-02,1217.112797
2006-03-03,1227.562315
2006-03-06,1222.249194
2006-03-07,1218.477292
2006-03-08,1209.853581
2006-03-09,1213.990603
2006-03-10,1201.520242
2006-03-13,1206.174096
2006-03-14,1205.154567
2006-03-15,1206.142996
2006-03-16,1199.872341
2006-03-17,1202.508882
2006-03-20,1217.763397
2006-03-21,1213.022913
2006-03-22,1212.26228
2006-03-23,1214.030445
2006-03-24,1218.608465
2006-03-27,1224.327291
2006-03-28,1222.542706
2006-03-29,1219.104209
2006-03-30,1223.103492
2006-03-31,1231.005937
2006-04-03,1221.358614
2006-04-04,1229.923521
2006-04-05,1226.286632
2006-04-06,1237.082704
2006-04-07,1238.574874
2006-04-10,1239.010964
2006-04-11,1246.662965
2006-04-12,1249.176284
2006-04-13,1250.408291
2006-04-14,1261.956846
2006-04-17,1282.522159
2006-04-18,1277.608455
2006-04-19,1293.42995
2006-04-20,1291.326932
2006-04-21,1270.136538
2006-04-24,1296.509524
2006-04-25,1300.187406
2006-04-26,1312.071108
2006-04-27,1328.494296
2006-04-28,1323.290565
2006-05-08,1341.764224
2006-05-09,1368.552073
2006-05-10,1391.261126
2006-05-11,1422.933439
2006-05-12,1435.804991
2006-05-15,1453.526813
2006-05-16,1410.64026
2006-05-17,1427.946759
2006-05-18,1407.084386
2006-05-19,1397.376756
2006-05-22,1372.111943
2006-05-23,1373.111083
2006-05-24,1396.170167
2006-05-25,1390.429753
2006-05-26,1400.050157
2006-05-29,1419.395056
2006-05-30,1417.121432
2006-05-31,1392.459143
2006-06-01,1360.259383
2006-06-02,1368.519237
2006-06-05,1391.859886
2006-06-06,1373.513134
2006-06-07,1363.157039
2006-06-08,1361.749812
2006-06-09,1347.465089
2006-06-12,1337.008691
2006-06-13,1304.821557
2006-06-14,1280.103553
2006-06-15,1286.44964
2006-06-16,1294.856879
2006-06-19,1274.39768
2006-06-20,1277.00113
2006-06-21,1281.575087
2006-06-22,1297.641007
2006-06-23,1277.418978
2006-06-26,1273.404345
2006-06-27,1288.126398
2006-06-28,1273.8612
2006-06-29,1275.585766
2006-06-30,1300.962448
2006-07-03,1318.886373
2006-07-04,1312.916722
2006-07-05,1312.714765
2006-07-06,1307.016221
2006-07-07,1325.736984
2006-07-10,1314.236107
2006-07-11,1324.813248
2006-07-12,1330.987008
2006-07-13,1316.672203
2006-07-14,1312.178647
2006-07-17,1316.283513
2006-07-18,1295.275686
2006-07-19,1277.602076
2006-07-20,1279.142365
2006-07-21,1263.731018
2006-07-24,1257.246998
2006-07-25,1264.243557
2006-07-26,1251.560764
2006-07-27,1254.716771
2006-07-28,1255.915308
2006-07-31,1277.935668
2006-08-01,1274.047498
2006-08-02,1274.554573
2006-08-03,1283.640402
2006-08-04,1274.483499
2006-08-07,1274.131484
2006-08-08,1264.43641
2006-08-09,1261.550197
2006-08-10,1277.500323
2006-08-11,1273.060609
2006-08-14,1249.900584
2006-08-15,1248.307811
2006-08-16,1248.785612
2006-08-17,1251.128842
2006-08-18,1250.96288
2006-08-21,1249.288776
2006-08-22,1252.442052
2006-08-23,1250.326843
2006-08-24,1248.542698
2006-08-25,1245.860647
2006-08-28,1242.247593
2006-08-29,1233.998735
2006-08-30,1226.088546
2006-08-31,1228.815642
2006-09-01,1244.398159
2006-09-04,1235.68775
2006-09-05,1234.780985
2006-09-06,1251.265484
2006-09-07,1246.216425
2006-09-08,1244.700209
2006-09-11,1229.397189
2006-09-12,1229.454053
2006-09-13,1225.182808
2006-09-14,1242.014441
2006-09-15,1230.688169
2006-09-18,1241.534127
2006-09-19,1240.28122
2006-09-20,1224.964169
2006-09-21,1224.918859
2006-09-22,1230.408687
2006-09-25,1217.406267
2006-09-26,1220.771222
2006-09-27,1228.334109
2006-09-28,1228.521234
2006-09-29,1237.528882
2006-10-09,1239.735538
2006-10-10,1243.845014
2006-10-11,1233.864197
2006-10-12,1238.434871
2006-10-13,1244.002761
2006-10-16,1253.718505
2006-10-17,1272.739975
2006-10-18,1256.766551
2006-10-19,1264.708963
2006-10-20,1265.080445
2006-10-23,1263.594899
2006-10-24,1257.985235
2006-10-25,1260.388331
2006-10-26,1264.724524
2006-10-27,1263.02504
2006-10-30,1259.108388
2006-10-31,1239.511813
2006-11-01,1243.350714
2006-11-02,1241.782085
2006-11-03,1237.940435
2006-11-06,1249.117271
2006-11-07,1253.343689
2006-11-08,1253.986916
2006-11-09,1249.494697
2006-11-10,1252.056818
2006-11-13,1244.677144
2006-11-14,1227.931188
2006-11-15,1226.950914
2006-11-16,1240.306606
2006-11-17,1225.225821
2006-11-20,1235.833594
2006-11-21,1227.136588
2006-11-22,1242.842423
2006-11-23,1236.982391
2006-11-24,1243.729979
2006-11-27,1263.009803
2006-11-28,1255.831787
2006-11-29,1241.134985
2006-11-30,1247.921144
2006-12-01,1236.900312
2006-12-04,1237.34991
2006-12-05,1231.608017
2006-12-06,1230.918098
2006-12-07,1229.334943
2006-12-08,1234.023739
2006-12-11,1234.883343
2006-12-12,1240.598734
2006-12-13,1233.257729
2006-12-14,1235.614186
2006-12-15,1234.854225
2006-12-18,1232.676846
2006-12-19,1230.210161
2006-12-20,1235.968721
2006-12-21,1233.608141
2006-12-22,1230.215264
2006-12-25,1240.931121
2006-12-26,1246.519554
2006-12-27,1241.955872
2006-12-28,1249.806536
2006-12-29,1247.215871
2007-01-04,1205.283852
2007-01-05,1192.437307
2007-01-08,1180.684657
2007-01-09,1187.455633
2007-01-10,1199.662725
2007-01-11,1199.978744
2007-01-12,1190.48341
2007-01-15,1219.110345
2007-01-16,1198.789486
2007-01-17,1204.390539
2007-01-18,1209.774327
2007-01-19,1187.21074
2007-01-22,1197.60813
2007-01-23,1200.428314
2007-01-24,1210.961515
2007-01-25,1214.828218
2007-01-26,1208.58954
2007-01-29,1220.599307
2007-01-30,1201.572779
2007-01-31,1215.49466
2007-02-01,1221.962549
2007-02-02,1216.350772
2007-02-05,1210.274747
2007-02-06,1214.84766
2007-02-07,1223.364959
2007-02-08,1213.238207
2007-02-09,1226.164109
2007-02-12,1230.023343
2007-02-13,1222.736865
2007-02-14,1234.948202
2007-02-15,1236.64558
2007-02-16,1247.626002
2007-02-26,1277.054559
2007-02-27,1270.518618
2007-02-28,1263.446394
2007-03-01,1260.468983
2007-03-02,1259.693345
2007-03-05,1240.107389
2007-03-06,1255.221743
2007-03-07,1253.168534
2007-03-08,1262.891903
2007-03-09,1254.799196
2007-03-12,1256.847154
2007-03-13,1261.395162
2007-03-14,1252.542008
2007-03-15,1260.097417
2007-03-16,1266.601102
2007-03-19,1265.149995
2007-03-20,1271.165933
2007-03-21,1266.821614
2007-03-22,1269.856285
2007-03-23,1277.266942
2007-03-26,1276.768855
2007-03-27,1277.642118
2007-03-28,1278.723391
2007-03-29,1277.516698
2007-03-30,1295.370948
2007-04-02,1287.215292
2007-04-03,1294.934348
2007-04-04,1301.535104
2007-04-05,1301.527129
2007-04-06,1305.566258
2007-04-09,1325.02631
2007-04-10,1321.269581
2007-04-11,1321.964584
2007-04-12,1326.239017
2007-04-13,1313.159939
2007-04-16,1323.632228
2007-04-17,1314.039901
2007-04-18,1315.608231
2007-04-19,1301.533818
2007-04-20,1299.642638
2007-04-23,1296.939643
2007-04-24,1300.553184
2007-04-25,1288.325442
2007-04-26,1300.06639
2007-04-27,1284.524489
2007-04-30,1295.812665
2007-05-08,1301.63634
2007-05-09,1306.789029
2007-05-10,1297.938388
2007-05-11,1282.150816
2007-05-14,1288.972844
2007-05-15,1272.704512
2007-05-16,1287.933045
2007-05-17,1271.32694
2007-05-18,1261.73724
2007-05-21,1284.983831
2007-05-22,1282.264021
2007-05-23,1271.631526
2007-05-24,1277.318273
2007-05-25,1268.280574
2007-05-28,1276.683597
2007-05-29,1264.435144
2007-05-30,1252.871135
2007-05-31,1264.559231
2007-06-01,1267.855505
2007-06-04,1268.56769
2007-06-05,1283.062519
2007-06-06,1281.846411
2007-06-07,1272.17572
2007-06-08,1261.195058
2007-06-11,1258.642041
2007-06-12,1249.080042
2007-06-13,1243.275367
2007-06-14,1245.202694
2007-06-15,1244.253735
2007-06-18,1259.302718
2007-06-19,1251.983423
2007-06-20,1245.949446
2007-06-21,1248.69407
2007-06-22,1244.497279
2007-06-25,1239.086262
2007-06-26,1229.808477
2007-06-27,1214.928327
2007-06-28,1222.807985
2007-06-29,1226.722306
2007-07-02,1238.27589
2007-07-03,1247.659537
2007-07-04,1238.963036
2007-07-05,1242.906388
2007-07-06,1240.457106
2007-07-09,1244.06393
2007-07-10,1238.052457
2007-07-11,1236.958973
2007-07-12,1245.378862
2007-07-13,1240.518336
2007-07-16,1244.213609
2007-07-17,1236.005992
2007-07-18,1235.229436
2007-07-19,1239.838036
2007-07-20,1258.532068
2007-07-23,1261.307326
2007-07-24,1250.465856
2007-07-25,1251.308737
2007-07-26,1261.061104
2007-07-27,1252.881992
2007-07-30,1268.270969
2007-07-31,1280.214294
2007-08-01,1270.152404
2007-08-02,1276.575752
2007-08-03,1284.14236
2007-08-06,1279.648302
2007-08-07,1270.966873
2007-08-08,1273.288826
2007-08-09,1281.913463
2007-08-10,1274.48218
2007-08-13,1284.169014
2007-08-14,1281.713771
2007-08-15,1273.195388
2007-08-16,1260.84118
2007-08-17,1233.713382
2007-08-20,1254.753364
2007-08-21,1256.655618
2007-08-22,1254.821878
2007-08-23,1268.428133
2007-08-24,1262.817693
2007-08-27,1266.983143
2007-08-28,1271.686038
2007-08-29,1266.957288
2007-08-30,1282.114954
2007-08-31,1293.993417
2007-09-03,1292.90659
2007-09-04,1291.061064
2007-09-05,1294.544523
2007-09-06,1296.105773
2007-09-07,1297.813655
2007-09-10,1302.551176
2007-09-11,1306.333954
2007-09-12,1314.274138
2007-09-13,1314.66585
2007-09-14,1316.535931
2007-09-17,1332.564293
2007-09-18,1341.498494
2007-09-19,1335.334297
2007-09-20,1334.977004
2007-09-21,1334.208971
2007-09-24,1335.841636
2007-09-25,1338.43234
2007-09-26,1341.292037
2007-09-27,1342.878448
2007-09-28,1348.744914
2007-10-08,1341.327519
2007-10-09,1342.26859
2007-10-10,1356.424813
2007-10-11,1357.481845
2007-10-12,1359.085841
2007-10-15,1371.040828
2007-10-16,1376.891744
2007-10-17,1364.583427
2007-10-18,1367.264038
2007-10-19,1368.897579
2007-10-22,1348.343434
2007-10-23,1355.641017
2007-10-24,1347.826572
2007-10-25,1340.915436
2007-10-26,1361.644368
2007-10-29,1386.547028
2007-10-30,1371.848929
2007-10-31,1365.635798
2007-11-01,1371.717023
2007-11-02,1361.73042
2007-11-05,1363.769936
2007-11-06,1375.848133
2007-11-07,1382.380075
2007-11-08,1373.971033
2007-11-09,1377.818205
2007-11-12,1357.339747
2007-11-13,1353.606153
2007-11-14,1359.485992
2007-11-15,1353.135933
2007-11-16,1337.529256
2007-11-19,1337.222165
2007-11-20,1312.475619
2007-11-21,1312.121749
2007-11-22,1328.432951
2007-11-23,1343.145233
2007-11-26,1343.918313
2007-11-27,1335.383004
2007-11-28,1327.143461
2007-11-29,1339.580246
2007-11-30,1330.963684
2007-12-03,1327.282072
2007-12-04,1322.374477
2007-12-05,1331.533871
2007-12-06,1317.431248
2007-12-07,1330.566185
2007-12-10,1340.522663
2007-12-11,1343.716953
2007-12-12,1327.255776
2007-12-13,1339.369346
2007-12-14,1339.1337
2007-12-17,1345.063564
2007-12-18,1329.361737
2007-12-19,1336.317415
2007-12-20,1343.989985
2007-12-21,1352.618847
2007-12-24,1369.34449
2007-12-25,1362.058673
2007-12-26,1377.726081
2007-12-27,1364.98646
2007-12-28,1362.769178
2008-01-02,1358.55371
2008-01-03,1368.572032
2008-01-04,1386.936158
2008-01-07,1379.61339
2008-01-08,1379.875381
2008-01-09,1391.806846
2008-01-10,1384.382708
2008-01-11,1395.822286
2008-01-14,1401.363786
2008-01-15,1388.729445
2008-01-16,1363.813073
2008-01-17,1371.733694
2008-01-18,1354.827452
2008-01-21,1357.002993
2008-01-22,1324.956762
2008-01-23,1337.181521
2008-01-24,1340.664195
2008-01-25,1354.076185
2008-01-28,1348.82984
2008-01-29,1364.691197
2008-01-30,1363.040483
2008-01-31,1367.362266
2008-02-01,1377.339559
2008-02-04,1384.961028
2008-02-05,1392.242444
2008-02-13,1402.569391
2008-02-14,1419.067815
2008-02-15,1425.316376
2008-02-18,1453.518616
2008-02-19,1456.744908
2008-02-20,1455.948235
2008-02-21,1479.414824
2008-02-22,1473.520745
2008-02-25,1489.755704
2008-02-26,1463.130916
2008-02-27,1475.0451
2008-02-28,1480.199379
2008-02-29,1496.847573
2008-03-03,1531.472368
2008-03-04,1510.608449
2008-03-05,1489.028994
2008-03-06,1500.026639
2008-03-07,1479.512856
2008-03-10,1456.571932
2008-03-11,1463.725308
2008-03-12,1428.613469
2008-03-13,1436.256678
2008-03-14,1443.128911
2008-03-17,1427.730172
2008-03-18,1382.357576
2008-03-19,1385.541091
2008-03-20,1361.333518
2008-03-21,1367.33581
2008-03-24,1370.238945
2008-03-25,1389.305453
2008-03-26,1388.316027
2008-03-27,1385.661441
2008-03-28,1381.511472
2008-03-31,1385.539193
2008-04-01,1340.505784
2008-04-02,1347.719088
2008-04-03,1355.620469
2008-04-07,1371.004896
2008-04-08,1354.939271
2008-04-09,1360.046907
2008-04-10,1367.492722
2008-04-11,1359.324952
2008-04-14,1370.689981
2008-04-15,1381.366871
2008-04-16,1380.311042
2008-04-17,1380.681298
2008-04-18,1378.721161
2008-04-21,1358.727286
2008-04-22,1354.537534
2008-04-23,1368.239651
2008-04-24,1371.710507
2008-04-25,1359.818462
2008-04-28,1381.060959
2008-04-29,1369.727273
2008-04-30,1370.060779
2008-05-05,1376.567478
2008-05-06,1390.455784
2008-05-07,1380.699613
2008-05-08,1386.506486
2008-05-09,1384.366778
2008-05-12,1402.964835
2008-05-13,1404.741504
2008-05-14,1406.502698
2008-05-15,1400.879358
2008-05-16,1415.841432
2008-05-19,1405.190679
2008-05-20,1404.931302
2008-05-21,1392.902794
2008-05-22,1406.042225
2008-05-23,1405.662648
2008-05-26,1423.148052
2008-05-27,1427.143968
2008-05-28,1422.359517
2008-05-29,1413.85604
2008-05-30,1393.336848
2008-06-02,1390.080883
2008-06-03,1403.248198
2008-06-04,1390.993357
2008-06-05,1399.812191
2008-06-06,1416.844834
2008-06-10,1423.001166
2008-06-11,1430.616926
2008-06-12,1436.322606
2008-06-13,1441.273063
2008-06-16,1455.916108
2008-06-17,1454.178743
2008-06-18,1461.926836
2008-06-19,1465.304514
2008-06-20,1456.345369
2008-06-23,1463.60137
2008-06-24,1451.471189
2008-06-25,1461.873691
2008-06-26,1458.422524
2008-06-27,1467.795082
2008-06-30,1473.950699
2008-07-01,1472.680659
2008-07-02,1484.104482
2008-07-03,1464.018175
2008-07-04,1463.570017
2008-07-07,1456.039686
2008-07-08,1440.903467
2008-07-09,1434.637049
2008-07-10,1432.839169
2008-07-11,1461.770826
2008-07-14,1452.819632
2008-07-15,1449.622176
2008-07-16,1436.687114
2008-07-17,1440.528456
2008-07-18,1430.318396
2008-07-21,1414.280577
2008-07-22,1412.639347
2008-07-23,1396.095565
2008-07-24,1400.578413
2008-07-25,1401.91746
2008-07-28,1406.615236
2008-07-29,1394.380735
2008-07-30,1397.570268
2008-07-31,1405.152661
2008-08-01,1386.561691
2008-08-04,1364.246898
2008-08-05,1323.174866
2008-08-06,1334.29915
2008-08-07,1333.481424
2008-08-08,1320.931901
2008-08-11,1285.146624
2008-08-12,1287.909153
2008-08-13,1312.051615
2008-08-14,1314.06961
2008-08-15,1277.927109
2008-08-18,1313.103762
2008-08-19,1293.549298
2008-08-20,1319.009985
2008-08-21,1329.21274
2008-08-22,1339.820515
2008-08-25,1338.849302
2008-08-26,1320.318129
2008-08-27,1338.891431
2008-08-28,1334.239948
2008-08-29,1333.199291
2008-09-01,1333.809725
2008-09-02,1303.183403
2008-09-03,1304.959435
2008-09-04,1306.409346
2008-09-05,1293.99765
2008-09-08,1281.359286
2008-09-09,1261.291709
2008-09-10,1260.696102
2008-09-11,1257.02162
2008-09-12,1277.4174
2008-09-16,1225.169567
2008-09-17,1224.769374
2008-09-18,1211.39903
2008-09-19,1220.329477
2008-09-22,1249.541517
2008-09-23,1243.08404
2008-09-24,1235.774697
2008-09-25,1233.115258
2008-09-26,1225.144347
2008-10-06,1171.13619
2008-10-07,1129.663055
2008-10-08,1095.502965
2008-10-09,1090.069055
2008-10-10,1043.814895
2008-10-13,1036.09248
2008-10-14,1046.51814
2008-10-15,1027.39869
2008-10-16,987.027178
2008-10-17,997.389393
2008-10-20,1027.891758
2008-10-21,996.3328
2008-10-22,972.89941
2008-10-23,963.111572
2008-10-24,953.486462
2008-10-27,932.921663
2008-10-28,956.353563
2008-10-29,949.991156
2008-10-30,973.6438
2008-10-31,949.725319
2008-11-03,965.447269
2008-11-04,951.611196
2008-11-05,959.091762
2008-11-06,938.354885
2008-11-07,935.701058
2008-11-10,954.981708
2008-11-11,925.767659
2008-11-12,923.867342
2008-11-13,916.28141
2008-11-14,928.534133
2008-11-17,927.476639
2008-11-18,925.134139
2008-11-19,933.443312
2008-11-20,911.916655
2008-11-21,897.325044
2008-11-24,891.932989
2008-11-25,901.189944
2008-11-26,905.541608
2008-11-27,901.541832
2008-11-28,891.244574
2008-12-01,890.822308
2008-12-02,866.416174
2008-12-03,862.945552
2008-12-04,844.167081
2008-12-05,815.001917
2008-12-08,834.023075
2008-12-09,818.10996
2008-12-10,841.302627
2008-12-11,840.321201
2008-12-12,827.799092
2008-12-15,855.386506
2008-12-16,845.641142
2008-12-17,849.495576
2008-12-18,837.992374
2008-12-19,846.183767
2008-12-22,866.704731
2008-12-23,857.723274
2008-12-24,864.644735
2008-12-25,858.550224
2008-12-26,857.908841
2008-12-29,872.930214
2008-12-30,871.204969
2008-12-31,885.105993
2009-01-05,908.621512
2009-01-06,935.673907
2009-01-07,938.707045
2009-01-08,923.317185
2009-01-09,943.622478
2009-01-12,954.892158
2009-01-13,928.823958
2009-01-14,956.987687
2009-01-15,942.062468
2009-01-16,958.122393
2009-01-19,960.328447
2009-01-20,953.979906
2009-01-21,946.206219
2009-01-22,937.941267
2009-01-23,939.133183
2009-02-02,932.234627
2009-02-03,957.047947
2009-02-04,967.303856
2009-02-05,964.292564
2009-02-06,987.817161
2009-02-09,1006.941335
2009-02-10,1005.056159
2009-02-11,978.01744
2009-02-12,988.443306
2009-02-13,994.129529
2009-02-16,975.655743
2009-02-17,981.665733
2009-02-18,953.420262
2009-02-19,948.700016
2009-02-20,951.867668
2009-02-23,969.753321
2009-02-24,954.485819
2009-02-25,967.540327
2009-02-26,971.498316
2009-02-27,964.11854
2009-03-02,963.647013
2009-03-03,963.697161
2009-03-04,978.510889
2009-03-05,980.151902
2009-03-06,982.038762
2009-03-09,972.698383
2009-03-10,981.125238
2009-03-11,978.532994
2009-03-12,976.115166
2009-03-13,981.320073
2009-03-16,995.526041
2009-03-17,1002.395663
2009-03-18,1003.376581
2009-03-19,1016.290729
2009-03-20,1037.322533
2009-03-23,1066.12835
2009-03-24,1050.509378
2009-03-25,1042.993788
2009-03-26,1062.784228
2009-03-27,1047.778189
2009-03-30,1045.516424
2009-03-31,1052.3192
2009-04-01,1052.178863
2009-04-02,1067.564667
2009-04-03,1068.805144
2009-04-07,1097.344885
2009-04-08,1077.044408
2009-04-09,1099.349943
2009-04-10,1120.404383
2009-04-13,1129.880263
2009-04-14,1119.123931
2009-04-15,1132.889831
2009-04-16,1149.516261
2009-04-17,1142.817688
2009-04-20,1128.873436
2009-04-21,1101.075494
2009-04-22,1093.550458
2009-04-23,1102.251717
2009-04-24,1079.772401
2009-04-27,1069.19287
2009-04-28,1067.696496
2009-04-29,1084.068669
2009-04-30,1098.686375
2009-05-04,1134.10446
2009-05-05,1120.584063
2009-05-06,1136.272006
2009-05-07,1136.10264
2009-05-08,1145.127724
2009-05-11,1113.095009
2009-05-12,1122.658705
2009-05-13,1133.071068
2009-05-14,1110.717481
2009-05-15,1118.2517
2009-05-18,1104.482368
2009-05-19,1126.054865
2009-05-20,1119.692167
2009-05-21,1113.536423
2009-05-22,1119.863069
2009-05-25,1122.94783
2009-05-26,1113.24158
2009-05-27,1122.435645
2009-06-01,1154.644661
2009-06-02,1155.845343
2009-06-03,1166.994592
2009-06-04,1154.419745
2009-06-05,1174.247085
2009-06-08,1163.467191
2009-06-09,1169.445526
2009-06-10,1173.28187
2009-06-11,1171.180916
2009-06-12,1164.250412
2009-06-15,1148.854272
2009-06-16,1149.402187
2009-06-17,1150.356844
2009-06-18,1146.095526
2009-06-19,1147.649574
2009-06-22,1134.769425
2009-06-23,1132.888096
2009-06-24,1136.54863
2009-06-25,1144.068174
2009-06-26,1157.111686
2009-06-29,1149.853051
2009-06-30,1159.312754
2009-07-01,1160.697118
2009-07-02,1155.171022
2009-07-03,1148.708099
2009-07-06,1139.754462
2009-07-07,1147.259416
2009-07-08,1131.493538
2009-07-09,1137.061579
2009-07-10,1138.664646
2009-07-13,1127.422293
2009-07-14,1137.11823
2009-07-15,1155.248623
2009-07-16,1154.451717
2009-07-17,1158.975931
2009-07-20,1179.326888
2009-07-21,1168.641161
2009-07-22,1168.448482
2009-07-23,1171.526239
2009-07-24,1175.702614
2009-07-27,1185.078838
2009-07-28,1190.707815
2009-07-29,1171.511887
2009-07-30,1178.727099
2009-07-31,1207.917209
2009-08-03,1237.693682
2009-08-04,1239.679582
2009-08-05,1243.680384
2009-08-06,1240.25976
2009-08-07,1224.315306
2009-08-10,1255.963189
2009-08-11,1266.37199
2009-08-12,1260.241214
2009-08-13,1286.162444
2009-08-14,1273.679725
2009-08-17,1234.962711
2009-08-18,1241.77795
2009-08-19,1215.524619
2009-08-20,1234.653133
2009-08-21,1223.118026
2009-08-24,1259.687236
2009-08-25,1251.787136
2009-08-26,1256.98586
2009-08-27,1254.380539
2009-08-28,1268.935299
2009-08-31,1239.566497
2009-09-01,1237.023664
2009-09-02,1209.130974
2009-09-03,1227.028656
2009-09-04,1229.68633
2009-09-07,1224.052062
2009-09-08,1235.588077
2009-09-09,1236.447263
2009-09-10,1237.922155
2009-09-11,1228.662805
2009-09-14,1203.646925
2009-09-15,1210.345602
2009-09-16,1223.070636
2009-09-17,1230.84309
2009-09-18,1219.322718
2009-09-21,1220.994964
2009-09-22,1217.000886
2009-09-23,1205.617258
2009-09-24,1201.95767
2009-09-25,1194.555824
2009-09-28,1176.128179
2009-09-29,1188.585583
2009-09-30,1206.09934
2009-10-09,1224.33347
2009-10-12,1235.910646
2009-10-13,1236.356662
2009-10-14,1243.904418
2009-10-15,1235.41627
2009-10-16,1242.729892
2009-10-19,1256.115174
2009-10-20,1258.762598
2009-10-21,1250.930943
2009-10-22,1253.484101
2009-10-23,1270.734296
2009-10-26,1280.595365
2009-10-27,1271.045018
2009-10-28,1269.471553
2009-10-29,1253.578629
2009-10-30,1266.899185
2009-11-02,1263.970983
2009-11-03,1266.034548
2009-11-04,1272.737539
2009-11-05,1267.74081
2009-11-06,1273.139862
2009-11-09,1277.412738
2009-11-10,1272.204568
2009-11-11,1278.309502
2009-11-12,1288.42778
2009-11-13,1291.446293
2009-11-16,1304.217998
2009-11-17,1305.926544
2009-11-18,1319.769545
2009-11-19,1319.924788
2009-11-20,1325.081285
2009-11-23,1351.639276
2009-11-24,1331.252581
2009-11-25,1346.499509
2009-11-26,1347.753433
2009-11-27,1315.520482
2009-11-30,1342.043052
2009-12-01,1342.54483
2009-12-02,1354.676494
2009-12-03,1362.174444
2009-12-04,1366.3477
2009-12-07,1370.294869
2009-12-08,1373.2106
2009-12-09,1350.979308
2009-12-10,1342.094158
2009-12-11,1349.740717
2009-12-14,1353.05261
2009-12-15,1358.650752
2009-12-16,1370.10311
2009-12-17,1370.281695
2009-12-18,1367.456594
2009-12-21,1368.056485
2009-12-22,1359.289596
2009-12-23,1364.029402
2009-12-24,1382.357698
2009-12-25,1386.993941
2009-12-28,1403.121213
2009-12-29,1402.337869
2009-12-30,1404.546471
2009-12-31,1422.199072
2010-01-04,1430.478615
2010-01-05,1441.437972
2010-01-06,1454.115794
2010-01-07,1432.496638
2010-01-08,1420.342322
2010-01-11,1444.112607
2010-01-12,1433.941319
2010-01-13,1394.63223
2010-01-14,1409.090298
2010-01-15,1398.634739
2010-01-18,1401.320435
2010-01-19,1411.418974
2010-01-20,1400.940932
2010-01-21,1413.740657
2010-01-22,1387.806038
2010-01-25,1390.541553
2010-01-26,1375.967375
2010-01-27,1375.345857
2010-01-28,1345.224237
2010-01-29,1329.748933
2010-02-01,1319.705292
2010-02-02,1318.803705
2010-02-03,1347.537001
2010-02-04,1328.045854
2010-02-05,1306.839274
2010-02-08,1313.1857
2010-02-09,1321.981937
2010-02-10,1340.297268
2010-02-11,1352.882612
2010-02-12,1363.958865
2010-02-22,1387.018102
2010-02-23,1393.381008
2010-02-24,1385.389872
2010-02-25,1375.623029
2010-02-26,1378.025531
2010-03-01,1392.53787
2010-03-02,1370.531959
2010-03-03,1378.714193
2010-03-04,1368.849442
2010-03-05,1376.12457
2010-03-08,1391.6383
2010-03-09,1386.904559
2010-03-10,1385.064634
2010-03-11,1366.545268
2010-03-12,1364.585408
2010-03-15,1346.073807
2010-03-16,1354.152565
2010-03-17,1368.794348
2010-03-18,1362.494437
2010-03-19,1375.456651
2010-03-22,1369.339619
2010-03-23,1361.435857
2010-03-24,1357.109629
2010-03-25,1363.545571
2010-03-26,1371.257889
2010-03-29,1382.337146
2010-03-30,1381.766145
2010-03-31,1375.598135
2010-04-01,1379.094034
2010-04-02,1388.67335
2010-04-06,1395.889611
2010-04-07,1398.400035
2010-04-08,1385.312835
2010-04-09,1394.282739
2010-04-12,1399.56749
2010-04-13,1396.694801
2010-04-14,1400.425375
2010-04-15,1398.885707
2010-04-16,1398.674326
2010-04-19,1369.266659
2010-04-20,1382.126249
2010-04-21,1382.619656
2010-04-22,1378.882119
2010-04-23,1379.909326
2010-04-26,1383.896115
2010-04-27,1372.983189
2010-04-28,1355.521702
2010-04-29,1355.218076
2010-04-30,1359.874036
2010-05-04,1348.509637
2010-05-05,1340.453309
2010-05-06,1328.566939
2010-05-07,1305.361768
2010-05-10,1327.527529
2010-05-11,1313.980529
2010-05-12,1321.5515
2010-05-13,1328.431067
2010-05-14,1314.556453
2010-05-17,1277.610967
2010-05-18,1286.872593
2010-05-19,1279.892126
2010-05-20,1285.977249
2010-05-21,1281.555195
2010-05-24,1298.669541
2010-05-25,1280.47877
2010-05-26,1294.523601
2010-05-27,1300.757585
2010-05-28,1300.70588
2010-05-31,1292.051109
2010-06-01,1282.32369
2010-06-02,1276.355523
2010-06-03,1277.557531
2010-06-04,1270.301068
2010-06-07,1229.328063
2010-06-08,1234.267051
2010-06-09,1247.498794
2010-06-10,1245.062896
2010-06-11,1255.014909
2010-06-17,1257.545244
2010-06-18,1251.673488
2010-06-21,1281.429823
2010-06-22,1271.817209
2010-06-23,1270.700357
2010-06-24,1276.728346
2010-06-25,1272.506286
2010-06-28,1275.987252
2010-06-29,1258.477416
2010-06-30,1252.980032
2010-07-01,1242.791765
2010-07-02,1254.486069
2010-07-05,1256.884879
2010-07-06,1254.678098
2010-07-07,1253.192427
2010-07-08,1260.363913
2010-07-09,1266.930998
2010-07-12,1258.921927
2010-07-13,1249.843633
2010-07-14,1255.565453
2010-07-15,1254.523931
2010-07-16,1263.32718
2010-07-19,1262.068636
2010-07-20,1272.266813
2010-07-21,1271.762792
2010-07-22,1276.736557
2010-07-23,1293.066489
2010-07-26,1297.061553
2010-07-27,1284.776324
2010-07-28,1299.624852
2010-07-29,1304.755913
2010-07-30,1311.766996
2010-08-02,1335.418926
2010-08-03,1332.018586
2010-08-04,1337.935991
2010-08-05,1329.511857
2010-08-06,1342.577694
2010-08-09,1356.687248
2010-08-10,1344.516232
2010-08-11,1339.666961
2010-08-12,1330.255026
2010-08-13,1348.830131
2010-08-16,1354.32619
2010-08-17,1357.949243
2010-08-18,1354.545013
2010-08-19,1359.868247
2010-08-20,1335.346936
2010-08-23,1331.65967
2010-08-24,1322.541803
2010-08-25,1323.109435
2010-08-26,1336.056362
2010-08-27,1342.461595
2010-08-30,1360.563016
2010-08-31,1343.041939
2010-09-01,1354.800115
2010-09-02,1364.357516
2010-09-03,1366.81442
2010-09-06,1390.36955
2010-09-07,1389.794439
2010-09-08,1389.059784
2010-09-09,1364.342055
2010-09-10,1372.701173
2010-09-13,1377.963156
2010-09-14,1368.558945
2010-09-15,1369.58899
2010-09-16,1365.07855
2010-09-17,1375.75183
2010-09-20,1395.758763
2010-09-21,1387.386883
2010-09-27,1397.248354
2010-09-28,1400.35279
2010-09-29,1393.19976
2010-09-30,1397.053603
2010-10-08,1404.861809
2010-10-11,1456.14905
2010-10-12,1447.018263
2010-10-13,1462.844933
2010-10-14,1475.549915
2010-10-15,1481.463651
2010-10-18,1465.19663
2010-10-19,1473.45593
2010-10-20,1465.849447
2010-10-21,1473.459958
2010-10-22,1478.272641
2010-10-25,1516.456826
2010-10-26,1508.042891
2010-10-27,1486.32826
2010-10-28,1502.744576
2010-10-29,1476.542492
2010-11-01,1500.354896
2010-11-02,1499.647686
2010-11-03,1506.838231
2010-11-04,1533.310051
2010-11-05,1580.31198
2010-11-08,1586.33139
2010-11-09,1618.43425
2010-11-10,1610.076918
2010-11-11,1610.828393
2010-11-12,1550.626315
2010-11-15,1522.793014
2010-11-16,1512.463407
2010-11-17,1464.254855
2010-11-18,1486.839798
2010-11-19,1502.209774
2010-11-22,1480.796118
2010-11-23,1457.537308
2010-11-24,1480.814454
2010-11-25,1471.626753
2010-11-26,1454.752795
2010-11-29,1467.332923
2010-11-30,1467.242573
2010-12-01,1480.530899
2010-12-02,1498.945113
2010-12-03,1507.424842
2010-12-06,1515.276393
2010-12-07,1526.522556
2010-12-08,1497.639286
2010-12-09,1514.662056
2010-12-10,1521.324541
2010-12-13,1548.451305
2010-12-14,1555.33986
2010-12-15,1537.846989
2010-12-16,1539.348214
2010-12-17,1553.327539
2010-12-20,1560.443382
2010-12-21,1573.186658
2010-12-22,1562.567865
2010-12-23,1576.901142
2010-12-24,1582.347149
2010-12-27,1578.784574
2010-12-28,1581.941204
2010-12-29,1579.041022
2010-12-30,1591.841754
2010-12-31,1593.427399
2011-01-04,1604.121055
2011-01-05,1592.423188
2011-01-06,1609.106169
2011-01-07,1572.437661
2011-01-10,1578.949151
2011-01-11,1586.912763
2011-01-12,1592.36622
2011-01-13,1598.352981
2011-01-14,1606.249888
2011-01-17,1602.216177
2011-01-18,1604.373656
2011-01-19,1621.725025
2011-01-20,1609.926818
2011-01-21,1611.664236
2011-01-24,1627.009232
2011-01-25,1605.667769
2011-01-26,1596.798588
2011-01-27,1610.189977
2011-01-28,1609.673217
2011-01-31,1631.746282
2011-02-01,1651.345784
2011-02-09,1660.384286
2011-02-10,1674.700262
2011-02-11,1672.295411
2011-02-14,1676.882298
2011-02-15,1667.747576
2011-02-16,1658.556606
2011-02-17,1640.920259
2011-02-18,1629.932144
2011-02-21,1635.969758
2011-02-22,1627.421767
2011-02-23,1595.497822
2011-02-24,1577.547885
2011-02-25,1588.618763
2011-02-28,1611.743594
2011-03-01,1606.126561
2011-03-02,1615.315058
2011-03-03,1605.152081
2011-03-04,1609.124593
2011-03-07,1612.762474
2011-03-08,1573.682254
2011-03-09,1577.752361
2011-03-10,1551.906561
2011-03-11,1540.369262
2011-03-14,1534.397215
2011-03-15,1534.430924
2011-03-16,1543.419523
2011-03-17,1542.302015
2011-03-18,1558.384351
2011-03-21,1554.068819
2011-03-22,1554.10153
2011-03-23,1573.53325
2011-03-24,1564.480053
2011-03-25,1571.081957
2011-03-28,1557.230311
2011-03-29,1558.589787
2011-03-30,1561.541806
2011-03-31,1557.591048
2011-04-01,1555.214179
2011-04-06,1576.861866
2011-04-07,1575.365601
2011-04-08,1593.386244
2011-04-11,1600.288936
2011-04-12,1583.90051
2011-04-13,1582.593626
2011-04-14,1563.436944
2011-04-15,1552.955242
2011-04-18,1555.0933
2011-04-19,1534.572252
2011-04-20,1553.947899
2011-04-21,1555.68082
2011-04-22,1561.445064
2011-04-25,1550.715525
2011-04-26,1539.786102
2011-04-27,1532.101326
2011-04-28,1544.62257
2011-04-29,1526.155788
2011-05-03,1531.030745
2011-05-04,1516.55421
2011-05-05,1501.738
2011-05-06,1476.428644
2011-05-09,1490.726074
2011-05-10,1499.526997
2011-05-11,1494.056395
2011-05-12,1466.158619
2011-05-13,1498.379485
2011-05-16,1488.253706
2011-05-17,1491.288771
2011-05-18,1491.870529
2011-05-19,1498.140046
2011-05-20,1498.777833
2011-05-23,1486.510439
2011-05-24,1498.200988
2011-05-25,1504.196004
2011-05-26,1518.655961
2011-05-27,1522.377948
2011-05-30,1522.456491
2011-05-31,1525.619694
2011-06-01,1520.495907
2011-06-02,1518.655985
2011-06-03,1536.300255
2011-06-07,1530.90797
2011-06-08,1524.356159
2011-06-09,1521.454913
2011-06-10,1521.265853
2011-06-13,1514.449145
2011-06-14,1516.544149
2011-06-15,1525.407
2011-06-16,1512.559516
2011-06-17,1509.72331
2011-06-20,1502.844287
2011-06-21,1513.284282
2011-06-22,1503.314307
2011-06-23,1499.096002
2011-06-24,1500.698795
2011-06-27,1475.922968
2011-06-28,1478.598495
2011-06-29,1490.394576
2011-06-30,1505.601084
2011-07-01,1499.456995
2011-07-04,1521.587772
2011-07-05,1519.448809
2011-07-06,1525.796011
2011-07-07,1528.648584
2011-07-08,1536.081514
2011-07-11,1530.81965
2011-07-12,1523.881679
2011-07-13,1549.459297
2011-07-14,1548.850844
2011-07-15,1545.451487
2011-07-18,1546.893524
2011-07-19,1559.586865
2011-07-20,1557.713723
2011-07-21,1557.26594
2011-07-22,1561.218449
2011-07-25,1553.190587
2011-07-26,1568.33265
2011-07-27,1574.497573
2011-07-28,1566.711333
2011-07-29,1559.181538
2011-08-01,1575.432985
2011-08-02,1565.303391
2011-08-03,1566.111465
2011-08-04,1556.314413
2011-08-05,1513.38496
2011-08-08,1505.264084
2011-08-09,1484.808885
2011-08-10,1500.08634
2011-08-11,1511.746481
2011-08-12,1512.02515
2011-08-15,1521.237085
2011-08-16,1506.639148
2011-08-17,1518.714752
2011-08-18,1513.73039
2011-08-19,1507.674545
2011-08-22,1503.487545
2011-08-23,1515.400759
2011-08-24,1513.621147
2011-08-25,1509.890046
2011-08-26,1510.663178
2011-08-29,1519.568508
2011-08-30,1529.324973
2011-08-31,1534.658202
2011-09-01,1528.045889
2011-09-02,1525.494573
2011-09-05,1513.414241
2011-09-06,1511.344425
2011-09-07,1526.423755
2011-09-08,1523.528057
2011-09-09,1526.536642
2011-09-13,1512.633565
2011-09-14,1495.024856
2011-09-15,1496.199818
2011-09-16,1500.149731
2011-09-19,1463.243705
2011-09-20,1463.209807
2011-09-21,1468.197773
2011-09-22,1431.654188
2011-09-23,1388.933352
2011-09-26,1341.409895
2011-09-27,1373.812093
2011-09-28,1362.925001
2011-09-29,1331.389292
2011-09-30,1362.929413
2011-10-10,1352.225499
2011-10-11,1351.466502
2011-10-12,1366.603029
2011-10-13,1359.91472
2011-10-14,1372.615074
2011-10-17,1364.31888
2011-10-18,1331.709183
2011-10-19,1328.830247
2011-10-20,1286.189018
2011-10-21,1294.789086
2011-10-24,1334.425214
2011-10-25,1342.925145
2011-10-26,1347.807235
2011-10-27,1359.195123
2011-10-28,1368.471219
2011-10-31,1351.105132
2011-11-01,1343.017622
2011-11-02,1356.126359
2011-11-03,1336.276736
2011-11-04,1366.620381
2011-11-07,1351.017605
2011-11-08,1350.121583
2011-11-09,1351.360105
2011-11-10,1313.156698
2011-11-11,1325.824353
2011-11-14,1355.508967
2011-11-15,1348.005288
2011-11-16,1336.968212
2011-11-17,1347.684345
2011-11-18,1334.211378
2011-11-21,1323.193344
2011-11-22,1319.167998
2011-11-23,1308.27373
2011-11-24,1307.037192
2011-11-25,1296.014421
2011-11-28,1314.427196
2011-11-29,1320.7785
2011-11-30,1309.061263
2011-12-01,1346.741712
2011-12-02,1345.152553
2011-12-05,1347.74978
2011-12-06,1344.301409
2011-12-07,1353.455775
2011-12-08,1347.57122
2011-12-09,1339.898661
2011-12-12,1329.639225
2011-12-13,1321.787999
2011-12-14,1319.489163
2011-12-15,1300.84095
2011-12-16,1318.683615
2011-12-19,1313.512192
2011-12-20,1314.558868
2011-12-21,1320.222918
2011-12-22,1324.113133
2011-12-23,1333.576517
2011-12-26,1323.871825
2011-12-27,1323.018829
2011-12-28,1327.861058
2011-12-29,1317.43224
2011-12-30,1323.158291
2012-01-04,1325.551828
2012-01-05,1338.319604
2012-01-06,1337.982542
2012-01-09,1336.892194
2012-01-10,1346.949959
2012-01-11,1353.619727
2012-01-12,1356.152182
2012-01-13,1353.424843
2012-01-16,1352.018202
2012-01-17,1371.004529
2012-01-18,1370.154877
2012-01-19,1378.61322
2012-01-20,1392.353566
2012-01-30,1389.453318
2012-01-31,1393.179803
2012-02-01,1386.025942
2012-02-02,1392.402251
2012-02-03,1396.992742
2012-02-06,1410.308681
2012-02-07,1400.789257
2012-02-08,1420.106694
2012-02-09,1411.347117
2012-02-10,1405.945695
2012-02-13,1405.727912
2012-02-14,1399.392937
2012-02-15,1398.21942
2012-02-16,1380.783462
2012-02-17,1387.878167
2012-02-20,1391.768619
2012-02-21,1403.368968
2012-02-22,1407.28399
2012-02-23,1406.635315
2012-02-24,1403.17291
2012-02-27,1411.35564
2012-02-28,1420.365168
2012-02-29,1422.438012
2012-03-01,1410.680445
2012-03-02,1421.53922
2012-03-05,1416.844282
2012-03-06,1409.070267
2012-03-07,1396.892043
2012-03-08,1400.019505
2012-03-09,1418.692927
2012-03-12,1417.599872
2012-03-13,1425.180546
2012-03-14,1418.171325
2012-03-15,1417.736904
2012-03-16,1418.718926
2012-03-19,1415.987141
2012-03-20,1410.517194
2012-03-21,1412.518933
2012-03-22,1406.984469
2012-03-23,1412.566623
2012-03-26,1415.193341
2012-03-27,1420.860511
2012-03-28,1413.74612
2012-03-29,1405.419364
2012-03-30,1404.736024
2012-04-05,1416.465646
2012-04-06,1424.766115
2012-04-09,1422.687747
2012-04-10,1424.188646
2012-04-11,1408.56156
2012-04-12,1413.69049
2012-04-13,1411.841036
2012-04-16,1398.904679
2012-04-17,1397.264558
2012-04-18,1408.295912
2012-04-19,1406.457611
2012-04-20,1406.598038
2012-04-23,1402.531337
2012-04-24,1397.917181
2012-04-25,1398.816559
2012-04-26,1404.956712
2012-04-27,1404.657266
2012-05-02,1404.599882
2012-05-03,1394.546613
2012-05-04,1398.617404
2012-05-07,1385.400964
2012-05-08,1384.785321
2012-05-09,1373.93077
2012-05-10,1377.779644
2012-05-11,1357.291722
2012-05-14,1339.642692
2012-05-15,1336.294539
2012-05-16,1315.710108
2012-05-17,1331.660062
2012-05-18,1323.549349
2012-05-21,1337.067411
2012-05-22,1332.292907
2012-05-23,1313.090564
2012-05-24,1316.90824
2012-05-25,1316.92372
2012-05-28,1326.275029
2012-05-29,1331.693211
2012-05-30,1322.509329
2012-05-31,1314.190029
2012-06-01,1304.939581
2012-06-04,1275.826193
2012-06-05,1288.179569
2012-06-06,1290.182598
2012-06-07,1293.59502
2012-06-08,1282.993134
2012-06-11,1303.187756
2012-06-12,1292.070991
2012-06-13,1291.67741
2012-06-14,1288.315423
2012-06-15,1302.05094
2012-06-18,1306.874584
2012-06-19,1307.636111
2012-06-20,1317.461238
2012-06-21,1300.779509
2012-06-25,1300.66285
2012-06-26,1296.135368
2012-06-27,1294.128807
2012-06-28,1300.575571
2012-06-29,1310.632229
2012-07-02,1315.402743
2012-07-03,1331.512586
2012-07-04,1334.843368
2012-07-05,1341.942069
2012-07-06,1336.170348
2012-07-09,1337.968278
2012-07-10,1329.756086
2012-07-11,1327.261386
2012-07-12,1324.570525
2012-07-13,1337.516199
2012-07-16,1346.268514
2012-07-17,1333.91143
2012-07-18,1329.803392
2012-07-19,1336.187756
2012-07-20,1327.903367
2012-07-23,1303.31905
2012-07-24,1295.559741
2012-07-25,1285.617503
2012-07-26,1289.57219
2012-07-27,1302.081476
2012-07-30,1301.490732
2012-07-31,1307.819484
2012-08-01,1303.903766
2012-08-02,1298.139477
2012-08-03,1295.151063
2012-08-06,1302.018126
2012-08-07,1306.900482
2012-08-08,1298.150764
2012-08-09,1311.32725
2012-08-10,1307.07549
2012-08-13,1298.089143
2012-08-14,1295.7682
2012-08-15,1301.822592
2012-08-16,1298.197138
2012-08-17,1302.007606
2012-08-20,1299.533536
2012-08-21,1306.311813
2012-08-22,1306.72796
2012-08-23,1313.398959
2012-08-24,1309.539005
2012-08-27,1319.906813
2012-08-28,1307.564423
2012-08-29,1303.067124
2012-08-30,1310.100691
2012-08-31,1302.968661
2012-09-03,1315.572835
2012-09-04,1309.102739
2012-09-05,1300.040567
2012-09-06,1305.408686
2012-09-07,1313.521449
2012-09-10,1340.866136
2012-09-11,1340.045854
2012-09-12,1344.716748
2012-09-13,1337.988714
2012-09-14,1372.068603
2012-09-17,1363.450721
2012-09-18,1361.035617
2012-09-19,1369.624632
2012-09-20,1349.800865
2012-09-21,1349.89479
2012-09-24,1336.864019
2012-09-25,1339.247448
2012-09-26,1335.409945
2012-09-27,1338.005842
2012-09-28,1351.377944
2012-10-08,1338.83365
2012-10-09,1355.807405
2012-10-10,1354.072613
2012-10-11,1351.395388
2012-10-12,1348.346141
2012-10-15,1337.086468
2012-10-16,1343.695581
2012-10-17,1346.663916
2012-10-18,1354.435431
2012-10-19,1342.092552
2012-10-22,1344.498034
2012-10-23,1329.0904
2012-10-24,1337.140273
2012-10-25,1338.961201
2012-10-26,1330.768946
2012-10-29,1323.388372
2012-10-30,1323.36347
2012-10-31,1328.959436
2012-11-01,1337.054279
2012-11-02,1329.964055
2012-11-05,1317.028108
2012-11-06,1322.332918
2012-11-07,1325.218765
2012-11-08,1316.776035
2012-11-09,1319.645716
2012-11-12,1313.68432
2012-11-13,1309.415116
2012-11-14,1318.9638
2012-11-15,1317.935384
2012-11-16,1315.256729
2012-11-19,1317.270966
2012-11-20,1318.892796
2012-11-21,1320.069974
2012-11-22,1321.692466
2012-11-23,1324.733428
2012-11-26,1324.30211
2012-11-27,1319.962117
2012-11-28,1315.792382
2012-11-29,1312.464637
2012-11-30,1322.347306
2012-12-03,1333.672962
2012-12-04,1330.427215
2012-12-05,1339.290267
2012-12-06,1336.7056
2012-12-07,1343.639566
2012-12-10,1353.6721
2012-12-11,1349.081696
2012-12-12,1350.963801
2012-12-13,1345.17151
2012-12-14,1358.599278
2012-12-17,1369.092494
2012-12-18,1367.234989
2012-12-19,1363.074072
2012-12-20,1352.217238
2012-12-21,1349.910661
2012-12-24,1351.909837
2012-12-25,1357.125284
2012-12-26,1360.746997
2012-12-27,1367.791169
2012-12-28,1371.887124
2012-12-31,1378.97239
2013-01-04,1381.294833
2013-01-07,1382.60293
2013-01-08,1384.387735
2013-01-09,1379.797369
2013-01-10,1383.4183
2013-01-11,1370.522958
2013-01-14,1380.485035
2013-01-15,1371.644318
2013-01-16,1373.412499
2013-01-17,1373.255151
2013-01-18,1386.461962
2013-01-21,1380.496849
2013-01-22,1387.3154
2013-01-23,1389.745383
2013-01-24,1381.085943
2013-01-25,1384.890477
2013-01-28,1384.148497
2013-01-29,1390.14299
2013-01-30,1398.878753
2013-01-31,1406.434914
2013-02-01,1408.694984
2013-02-04,1416.644313
2013-02-05,1410.401403
2013-02-06,1407.838545
2013-02-07,1401.880575
2013-02-08,1401.05318
2013-02-18,1384.540935
2013-02-19,1386.906887
2013-02-20,1386.171026
2013-02-21,1365.923936
2013-02-22,1367.987426
2013-02-25,1357.232211
2013-02-26,1343.033443
2013-02-27,1350.952312
2013-02-28,1358.202268
2013-03-01,1345.112206
2013-03-04,1334.400915
2013-03-05,1345.578836
2013-03-06,1342.355467
2013-03-07,1335.703325
2013-03-08,1339.572166
2013-03-11,1333.718464
2013-03-12,1323.323298
2013-03-13,1321.858708
2013-03-14,1312.492169
2013-03-15,1325.052627
2013-03-18,1304.287521
2013-03-19,1308.900098
2013-03-20,1316.102433
2013-03-21,1321.365833
2013-03-22,1315.830662
2013-03-25,1318.400352
2013-03-26,1313.559018
2013-03-27,1310.239345
2013-03-28,1300.001816
2013-03-29,1293.57497
2013-04-01,1275.26755
2013-04-02,1285.430719
2013-04-03,1278.716983
2013-04-08,1288.589106
2013-04-09,1290.212189
2013-04-10,1294.85155
2013-04-11,1285.783164
2013-04-12,1286.280642
2013-04-15,1256.012865
2013-04-16,1246.545396
2013-04-17,1235.751575
2013-04-18,1222.197479
2013-04-19,1231.791876
2013-04-22,1211.166645
2013-04-23,1204.464861
2013-04-24,1216.780499
2013-04-25,1222.93485
2013-04-26,1226.396483
2013-05-02,1211.562364
2013-05-03,1227.631839
2013-05-06,1242.848275
2013-05-07,1236.215552
2013-05-08,1250.983518
2013-05-09,1246.22145
2013-05-10,1257.337416
2013-05-13,1252.926077
2013-05-14,1248.020171
2013-05-15,1231.284538
2013-05-16,1232.824778
2013-05-17,1246.867563
2013-05-20,1241.323381
2013-05-21,1248.881199
2013-05-22,1251.353686
2013-05-23,1231.494924
2013-05-24,1237.048853
2013-05-27,1229.473885
2013-05-28,1230.983308
2013-05-29,1223.141317
2013-05-30,1226.254551
2013-05-31,1226.496655
2013-06-03,1235.639614
2013-06-04,1235.723539
2013-06-05,1238.466598
2013-06-06,1223.95776
2013-06-07,1229.209023
2013-06-13,1214.986712
2013-06-14,1217.455567
2013-06-17,1224.348844
2013-06-18,1222.311264
2013-06-19,1224.39459
2013-06-20,1206.856695
2013-06-21,1198.646435
2013-06-24,1179.275063
2013-06-25,1189.694983
2013-06-26,1177.820167
2013-06-27,1184.530319
2013-06-28,1182.589418
2013-07-01,1192.570485
2013-07-02,1198.106424
2013-07-03,1199.179201
2013-07-04,1198.864338
2013-07-05,1192.983514
2013-07-08,1180.283605
2013-07-09,1185.509493
2013-07-10,1188.512556
2013-07-11,1208.189806
2013-07-12,1196.466065
2013-07-15,1193.797466
2013-07-16,1197.813998
2013-07-17,1203.446942
2013-07-18,1204.099878
2013-07-19,1204.704493
2013-07-22,1212.982665
2013-07-23,1213.978944
2013-07-24,1214.932874
2013-07-25,1211.030743
2013-07-26,1198.344548
2013-07-29,1185.747385
2013-07-30,1185.025938
2013-07-31,1193.384143
2013-08-01,1200.176864
2013-08-02,1200.034757
2013-08-05,1204.845946
2013-08-06,1204.503964
2013-08-07,1198.952875
2013-08-08,1215.244289
2013-08-09,1220.798274
2013-08-12,1237.748499
2013-08-13,1247.956163
2013-08-14,1240.280047
2013-08-15,1244.063389
2013-08-16,1254.014215
2013-08-19,1254.305737
2013-08-20,1244.937518
2013-08-21,1246.904616
2013-08-22,1248.630585
2013-08-23,1254.444363
2013-08-26,1275.299905
2013-08-27,1276.214841
2013-08-28,1264.213899
2013-08-29,1258.680665
2013-08-30,1251.703974
2013-09-02,1269.296445
2013-09-03,1266.476367
2013-09-04,1259.79807
2013-09-05,1257.777718
2013-09-06,1263.075154
2013-09-09,1269.434055
2013-09-10,1259.809282
2013-09-11,1261.608025
2013-09-12,1252.038185
2013-09-13,1249.108388
2013-09-16,1241.211233
2013-09-17,1244.870213
2013-09-18,1247.829579
2013-09-23,1251.371056
2013-09-24,1248.553886
2013-09-25,1249.553208
2013-09-26,1251.799956
2013-09-27,1246.346063
2013-09-30,1245.884777
2013-10-08,1254.237505
2013-10-09,1252.055467
2013-10-10,1250.932872
2013-10-11,1253.497564
2013-10-14,1262.078979
2013-10-15,1258.674414
2013-10-16,1254.775289
2013-10-17,1247.811491
2013-10-18,1253.543024
2013-10-21,1259.591897
2013-10-22,1252.510531
2013-10-23,1249.943657
2013-10-24,1247.136977
2013-10-25,1233.142326
2013-10-28,1234.583667
2013-10-29,1235.689435
2013-10-30,1243.212595
2013-10-31,1237.579279
2013-11-01,1242.937348
2013-11-04,1237.696597
2013-11-05,1235.879306
2013-11-06,1232.551253
2013-11-07,1235.494236
2013-11-08,1231.590585
2013-11-11,1232.542335
2013-11-12,1231.992347
2013-11-13,1229.302282
2013-11-14,1229.99096
2013-11-15,1223.411404
2013-11-18,1222.293994
2013-11-19,1222.337203
2013-11-20,1229.217702
2013-11-21,1225.361136
2013-11-22,1227.005672
2013-11-25,1224.51163
2013-11-26,1228.216173
2013-11-27,1228.67349
2013-11-28,1229.696939
2013-11-29,1234.831274
2013-12-02,1237.590886
2013-12-03,1233.067677
2013-12-04,1236.749046
2013-12-05,1234.856321
2013-12-06,1237.385569
2013-12-09,1241.649943
2013-12-10,1242.472638
2013-12-11,1241.82371
2013-12-12,1244.633033
2013-12-13,1231.154099
2013-12-16,1230.240108
2013-12-17,1229.456651
2013-12-18,1225.923579
2013-12-19,1221.830093
2013-12-20,1219.511157
2013-12-23,1214.71069
2013-12-24,1212.493072
2013-12-25,1216.308843
2013-12-26,1215.290707
2013-12-27,1220.395691
2013-12-30,1213.835127
2013-12-31,1208.395338
2014-01-02,1211.576462
2014-01-03,1198.591354
2014-01-06,1189.456564
2014-01-07,1182.425912
2014-01-08,1181.161848
2014-01-09,1176.943594
2014-01-10,1180.476005
2014-01-13,1175.072818
2014-01-14,1184.404146
2014-01-15,1181.081542
2014-01-16,1181.654703
2014-01-17,1179.95502
2014-01-20,1182.326437
2014-01-21,1173.535575
2014-01-22,1173.068655
2014-01-23,1174.080583
2014-01-24,1175.907899
2014-01-27,1167.553248
2014-01-28,1157.129536
2014-01-29,1160.434305
2014-01-30,1156.543685
2014-02-07,1159.828082
2014-02-10,1170.193899
2014-02-11,1161.786879
2014-02-12,1164.972647
2014-02-13,1164.041017
2014-02-14,1167.539117
2014-02-17,1179.684637
2014-02-18,1172.076611
2014-02-19,1176.501951
2014-02-20,1168.139746
2014-02-21,1168.002622
2014-02-24,1153.229184
2014-02-25,1148.46383
2014-02-26,1148.420784
2014-02-27,1142.827792
2014-02-28,1138.271473
2014-03-03,1138.540894
2014-03-04,1136.394188
2014-03-05,1145.333561
2014-03-06,1143.50476
2014-03-07,1138.446081
2014-03-10,1111.838929
2014-03-11,1120.562087
2014-03-12,1119.242591
2014-03-13,1120.810292
2014-03-14,1112.639483
2014-03-17,1103.175621
2014-03-18,1105.760849
2014-03-19,1108.144425
2014-03-20,1105.375945
2014-03-21,1101.701117
2014-03-24,1104.967751
2014-03-25,1115.247728
2014-03-26,1116.724055
2014-03-27,1115.809253
2014-03-28,1126.14235
2014-03-31,1127.559738
2014-04-01,1131.236237
2014-04-02,1127.052519
2014-04-03,1125.837295
2014-04-04,1133.189102
2014-04-08,1139.703967
2014-04-09,1132.454031
2014-04-10,1127.842688
2014-04-11,1128.421785
2014-04-14,1130.71471
2014-04-15,1131.401216
2014-04-16,1130.037107
2014-04-17,1129.888365
2014-04-18,1116.9879
2014-04-21,1110.321558
2014-04-22,1113.801212
2014-04-23,1115.422728
2014-04-24,1120.512754
2014-04-25,1122.464203
2014-04-28,1124.249908
2014-04-29,1123.48368
2014-04-30,1119.484816
2014-05-05,1118.002459
2014-05-06,1111.214618
2014-05-07,1109.286861
2014-05-08,1104.530337
2014-05-09,1105.842523
2014-05-12,1114.246365
2014-05-13,1116.426986
2014-05-14,1123.258851
2014-05-15,1119.767503
2014-05-16,1109.425802
2014-05-19,1118.825095
2014-05-20,1117.260064
2014-05-21,1113.505899
2014-05-22,1118.307208
2014-05-23,1121.751051
2014-05-26,1131.048972
2014-05-27,1125.271929
2014-05-28,1123.436744
2014-05-29,1119.909445
2014-05-30,1116.75042
2014-06-03,1112.897086
2014-06-04,1112.251181
2014-06-05,1116.570564
2014-06-06,1116.376583
2014-06-09,1112.816001
2014-06-10,1112.400206
2014-06-11,1111.356735
2014-06-12,1104.933958
2014-06-13,1110.744844
2014-06-16,1110.826595
2014-06-17,1110.857132
2014-06-18,1109.741336
2014-06-19,1110.548836
2014-06-20,1124.377288
2014-06-23,1131.467579
2014-06-24,1128.804242
2014-06-25,1129.390332
2014-06-26,1136.962141
2014-06-27,1131.997401
2014-06-30,1126.36636
2014-07-01,1123.052911
2014-07-02,1122.545939
2014-07-03,1122.036665
2014-07-04,1119.585263
2014-07-07,1106.617821
2014-07-08,1111.538631
2014-07-09,1104.35511
2014-07-10,1101.379645
2014-07-11,1100.090457
2014-07-14,1098.897386
2014-07-15,1097.814842
2014-07-16,1097.538454
2014-07-17,1096.362003
2014-07-18,1091.067362
2014-07-21,1091.693061
2014-07-22,1096.533872
2014-07-23,1092.54743
2014-07-24,1092.70544
2014-07-25,1091.429767
2014-07-28,1094.461293
2014-07-29,1101.756596
2014-07-30,1094.78038
2014-07-31,1094.538809
2014-08-01,1087.262419
2014-08-04,1096.044636
2014-08-05,1095.248773
2014-08-06,1090.750631
2014-08-07,1094.52419
2014-08-08,1092.617431
2014-08-11,1091.096303
2014-08-12,1084.965426
2014-08-13,1080.673136
2014-08-14,1068.110349
2014-08-15,1073.327562
2014-08-18,1069.523233
2014-08-19,1071.676617
2014-08-20,1066.687494
2014-08-21,1071.157963
2014-08-22,1075.043442
2014-08-25,1072.952136
2014-08-26,1074.048645
2014-08-27,1072.262372
2014-08-28,1065.788978
2014-08-29,1064.801804
2014-09-01,1058.208732
2014-09-02,1065.42161
2014-09-03,1057.788107
2014-09-04,1056.555266
2014-09-05,1050.101373
2014-09-09,1037.027795
2014-09-10,1032.889183
2014-09-11,1027.423524
2014-09-12,1033.818286
2014-09-15,1038.78752
2014-09-16,1036.059226
2014-09-17,1043.158619
2014-09-18,1034.665122
2014-09-19,1020.578889
2014-09-22,999.686784
2014-09-23,1002.370074
2014-09-24,1004.211513
2014-09-25,999.655543
2014-09-26,1009.163609
2014-09-29,1005.371898
2014-09-30,1009.002266
2014-10-08,1006.290242
2014-10-09,1015.726726
2014-10-10,1004.289775
2014-10-13,1016.682497
2014-10-14,1019.386863
2014-10-15,1017.336526
2014-10-16,1010.278114
2014-10-17,1008.314054
2014-10-20,1011.203164
2014-10-21,1011.254479
2014-10-22,1013.774717
2014-10-23,1017.815109
2014-10-24,1026.145084
2014-10-27,1017.629484
2014-10-28,1018.670579
2014-10-29,1028.125745
2014-10-30,1025.714299
2014-10-31,1025.178527
2014-11-03,1014.181263
2014-11-04,1007.381734
2014-11-05,986.712229
2014-11-06,991.333954
2014-11-07,1000.612046
2014-11-10,1009.265601
2014-11-11,1004.062104
2014-11-12,1013.425303
2014-11-13,1010.552543
2014-11-14,1003.289758
2014-11-17,1006.477762
2014-11-18,999.454201
2014-11-19,998.857135
2014-11-20,998.410712
2014-11-21,1001.280373
2014-11-24,999.277521
2014-11-25,1004.688307
2014-11-26,998.329547
2014-11-27,1007.696066
2014-11-28,998.769535
2014-12-01,980.794497
2014-12-02,990.199698
2014-12-03,991.113738
2014-12-04,997.445642
2014-12-05,998.899493
2014-12-08,992.280441
2014-12-09,991.143566
2014-12-10,998.104136
2014-12-11,995.773301
2014-12-12,1001.747066
2014-12-15,1004.520439
2014-12-16,993.468517
2014-12-17,986.737295
2014-12-18,987.376315
2014-12-19,991.657174
2014-12-22,987.102404
2014-12-23,976.396549
2014-12-24,981.171748
2014-12-25,981.78643
2014-12-26,982.269117
2014-12-29,991.268754
2014-12-30,1007.814742
2014-12-31,1008.418841
2015-01-05,996.703961
2015-01-06,1006.769544
2015-01-07,1002.337292
2015-01-08,1002.231651
2015-01-09,997.406766
2015-01-12,992.555807
2015-01-13,983.394086
2015-01-14,970.463728
2015-01-15,976.885218
2015-01-16,977.085222
2015-01-19,983.676972
2015-01-20,978.251026
2015-01-21,985.450779
2015-01-22,987.309417
2015-01-23,985.685472
2015-01-26,973.026083
2015-01-27,981.128844
2015-01-28,979.938187
2015-01-29,977.289654
2015-01-30,968.176867
2015-02-02,978.464373
2015-02-03,984.977031
2015-02-04,987.10204
2015-02-05,984.615438
2015-02-06,995.727346
2015-02-09,990.340707
2015-02-10,991.942688
2015-02-11,992.289167
2015-02-12,990.233181
2015-02-13,1002.722145
2015-02-16,1005.98732
2015-02-17,1002.979693
2015-02-25,995.025077
2015-02-26,1004.692213
2015-02-27,1005.508229
2015-03-02,1010.426403
2015-03-03,1003.148882
2015-03-04,1000.961234
2015-03-05,991.038616
2015-03-06,985.827647
2015-03-09,984.224964
2015-03-10,977.227568
2015-03-11,979.588427
2015-03-12,987.352363
2015-03-13,985.313436
2015-03-16,982.663945
2015-03-17,980.158223
2015-03-18,970.021562
2015-03-19,974.664552
2015-03-20,974.848571
2015-03-23,989.780302
2015-03-24,995.117668
2015-03-25,986.302105
2015-03-26,989.620881
2015-03-27,983.606546
2015-03-30,978.130568
2015-03-31,973.412852
2015-04-01,974.194628
2015-04-02,973.095414
2015-04-03,970.848524
2015-04-07,971.854703
2015-04-08,969.820528
2015-04-09,958.881224
2015-04-10,952.714166
2015-04-13,966.913962
2015-04-14,965.290552
2015-04-15,963.918391
2015-04-16,970.5881
2015-04-17,970.917231
2015-04-20,968.177924
2015-04-21,973.141575
2015-04-22,979.147513
2015-04-23,975.523012
2015-04-24,987.781656
2015-04-27,1002.039859
2015-04-28,1001.28023
2015-04-29,989.933798
2015-04-30,999.4796
2015-05-04,1010.061348
2015-05-05,1015.594168
2015-05-06,1020.928083
2015-05-07,1011.560769
2015-05-08,1010.862426
2015-05-11,1013.407704
2015-05-12,1004.975412
2015-05-13,1008.10842
2015-05-14,1003.999565
2015-05-15,1005.696246
2015-05-18,1007.261553
2015-05-19,1000.087686
2015-05-20,982.165616
2015-05-21,989.96295
2015-05-22,993.363996
2015-05-25,987.813188
2015-05-26,989.353234
2015-05-27,991.52433
2015-05-28,994.727456
2015-05-29,998.098376
2015-06-01,997.90066
2015-06-02,1002.315446
2015-06-03,995.77428
2015-06-04,996.928087
2015-06-05,989.475469
2015-06-08,987.701639
2015-06-09,987.205075
2015-06-10,995.553816
2015-06-11,995.630349
2015-06-12,978.570552
2015-06-15,975.310432
2015-06-16,974.081318
2015-06-17,966.189886
2015-06-18,965.583048
2015-06-19,967.052373
2015-06-23,969.517189
2015-06-24,972.944401
2015-06-25,963.976331
2015-06-26,965.756408
2015-06-29,963.778702
2015-06-30,950.073454
2015-07-01,958.935852
2015-07-02,962.116045
2015-07-03,960.873794
2015-07-06,935.906419
2015-07-07,921.61174
2015-07-08,883.010597
2015-07-09,916.163808
2015-07-10,916.281093
2015-07-13,914.40041
2015-07-14,915.496921
2015-07-15,916.040491
2015-07-16,913.424248
2015-07-17,910.592552
2015-07-20,915.63704
2015-07-21,916.119561
2015-07-22,907.492938
2015-07-23,907.097635
2015-07-24,895.130397
2015-07-27,892.683784
2015-07-28,896.079546
2015-07-29,906.048556
2015-07-30,900.94383
2015-07-31,901.516891
2015-08-03,893.267653
2015-08-04,896.84434
2015-08-05,899.870609
2015-08-06,893.236672
2015-08-07,893.219516
2015-08-10,895.601613
2015-08-11,907.846429
2015-08-12,920.561182
2015-08-13,925.276764
2015-08-14,919.401593
2015-08-17,913.704004
2015-08-18,907.465388
2015-08-19,907.051106
2015-08-20,901.47797
2015-08-21,904.582597
2015-08-24,874.743888
2015-08-25,873.546349
2015-08-26,871.577736
2015-08-27,883.084149
2015-08-28,892.70866
2015-08-31,886.906126
2015-09-01,889.732678
2015-09-02,887.413851
2015-09-07,884.464411
2015-09-08,890.338825
2015-09-09,898.943937
2015-09-10,905.529002
2015-09-11,904.39468
2015-09-14,896.620615
2015-09-15,890.474253
2015-09-16,898.900602
2015-09-17,896.613559
2015-09-18,892.699399
2015-09-21,893.475095
2015-09-22,886.710552
2015-09-23,883.335619
2015-09-24,882.455485
2015-09-25,885.743539
2015-09-28,875.571909
2015-09-29,866.530509
2015-09-30,870.627205
2015-10-08,882.124536
2015-10-09,887.726921
2015-10-12,891.934373
2015-10-13,886.150834
2015-10-14,887.783369
2015-10-15,889.063928
2015-10-16,884.040504
2015-10-19,879.111525
2015-10-20,874.186506
2015-10-21,870.86101
2015-10-22,876.002238
2015-10-23,878.069899
2015-10-26,869.265855
2015-10-27,868.487679
2015-10-28,864.138212
2015-10-29,864.478822
2015-10-30,861.303657
2015-11-02,860.716123
2015-11-03,853.90792
2015-11-04,857.766087
2015-11-05,848.738893
2015-11-06,848.670169
2015-11-09,846.213417
2015-11-10,845.706818
2015-11-11,839.48485
2015-11-12,841.015598
2015-11-13,838.617273
2015-11-16,832.098867
2015-11-17,826.579294
2015-11-18,822.676736
2015-11-19,810.163237
2015-11-20,812.415711
2015-11-23,805.718536
2015-11-24,818.409559
2015-11-25,826.334715
2015-11-26,833.462014
2015-11-27,828.701213
2015-11-30,821.283161
2015-12-01,828.329046
2015-12-02,832.778222
2015-12-03,824.110563
2015-12-04,824.833834
2015-12-07,837.144016
2015-12-08,821.392325
2015-12-09,821.410375
2015-12-10,817.621825
2015-12-11,828.679245
2015-12-14,830.9421
2015-12-15,826.44526
2015-12-16,829.388262
2015-12-17,826.159018
2015-12-18,837.861663
2015-12-21,854.689509
2015-12-22,853.278409
2015-12-23,849.821106
2015-12-24,849.141719
2015-12-25,851.286951
2015-12-28,843.722945
2015-12-29,856.525665
2015-12-30,860.850041
2015-12-31,861.833039
2016-01-04,851.772336
2016-01-05,857.261968
2016-01-06,849.0257
2016-01-07,849.222416
2016-01-08,847.78446
2016-01-11,838.051537
2016-01-12,829.07738
2016-01-13,831.076823
2016-01-14,835.940983
2016-01-15,835.35528
2016-01-18,850.563525
2016-01-19,857.961112
2016-01-20,850.641706
2016-01-21,848.178777
2016-01-22,856.544091
2016-01-25,854.657713
2016-01-26,857.561527
2016-01-27,867.604975
2016-01-28,858.832757
2016-01-29,857.367709
2016-02-01,859.051848
2016-02-02,861.789746
2016-02-03,863.376357
2016-02-04,874.839228
2016-02-05,870.827894
2016-02-15,875.045082
2016-02-16,876.012461
2016-02-17,872.480774
2016-02-18,876.31308
2016-02-19,885.362344
2016-02-22,897.790452
2016-02-23,895.688031
2016-02-24,895.476933
2016-02-25,894.01221
2016-02-26,889.64599
2016-02-29,889.944894
2016-03-01,897.197452
2016-03-02,902.310733
2016-03-03,903.514301
2016-03-04,918.772405
2016-03-07,936.916577
2016-03-08,942.474871
2016-03-09,930.571494
2016-03-10,928.642922
2016-03-11,931.85799
2016-03-14,928.485108
2016-03-15,920.668936
2016-03-16,933.606214
2016-03-17,933.840653
2016-03-18,934.97735
2016-03-21,934.97735
2016-03-22,935.44985
2016-03-23,961.779969
2016-03-24,955.514481
2016-03-25,948.545028
2016-03-28,949.436347
2016-03-29,946.350362
2016-03-30,946.389498
2016-03-31,945.280724
2016-04-01,951.298374
2016-04-05,949.268169
2016-04-06,947.223013
2016-04-07,947.378697
2016-04-08,943.453238
2016-04-11,943.902724
2016-04-12,974.695124
2016-04-13,953.955434
2016-04-14,970.58637
2016-04-15,980.723744
2016-04-18,1005.826237
2016-04-19,1021.36235
2016-04-20,1046.875872
2016-04-21,1077.84993
2016-04-22,1058.433799
2016-04-25,1070.952035
2016-04-26,1061.73552
2016-04-27,1051.632495
2016-04-28,1042.971907
2016-04-29,1058.784409
2016-05-03,1050.918741
2016-05-04,1037.450245
2016-05-05,1021.477829
2016-05-06,1010.999404
2016-05-09,986.679318
2016-05-10,987.780498
2016-05-11,993.322984
2016-05-12,989.627433
2016-05-13,967.157535
2016-05-16,971.764259
2016-05-17,990.458964
2016-05-18,975.549516
2016-05-19,969.88494
2016-05-20,976.993762
2016-05-23,947.651332
2016-05-24,938.111586
2016-05-25,935.200321
2016-05-26,955.793426
2016-05-27,958.309916
2016-05-30,961.548278
2016-05-31,958.82446
2016-06-01,953.740199
2016-06-02,955.107478
2016-06-03,963.683814
2016-06-06,977.574324
2016-06-07,987.37411
2016-06-08,984.168976
2016-06-13,997.082909
2016-06-14,991.535912
2016-06-15,981.000221
2016-06-16,987.79432
2016-06-17,985.475195
2016-06-20,998.932125
2016-06-21,1002.312649
2016-06-22,1004.603471
2016-06-23,1013.577422
2016-06-24,1009.373588
2016-06-27,1045.42529
2016-06-28,1058.224081
2016-06-29,1056.314995
2016-06-30,1074.369279
2016-07-01,1076.363774
2016-07-04,1110.338573
2016-07-05,1097.309058
2016-07-06,1079.110754
2016-07-07,1069.86638
2016-07-08,1058.223874
2016-07-11,1069.368775
2016-07-12,1093.720782
2016-07-13,1100.920879
2016-07-14,1105.986311
2016-07-15,1102.989185
2016-07-18,1074.036229
2016-07-19,1076.972861
2016-07-20,1072.21572
2016-07-21,1090.420163
2016-07-22,1073.462004
2016-07-25,1077.673269
2016-07-26,1076.720091
2016-07-27,1085.12908
2016-07-28,1095.838954
2016-07-29,1079.306245
2016-08-01,1104.438319
2016-08-02,1104.129524
2016-08-03,1103.005468
2016-08-04,1094.042274
2016-08-05,1110.962093
2016-08-08,1118.136884
2016-08-09,1114.537935
2016-08-10,1114.641505
2016-08-11,1108.301569
2016-08-12,1113.856142
2016-08-15,1111.958673
2016-08-16,1124.435678
2016-08-17,1118.927374
2016-08-18,1122.495525
2016-08-19,1124.333556
2016-08-22,1113.756343
2016-08-23,1122.093844
2016-08-24,1118.491986
2016-08-25,1105.422288
2016-08-26,1097.390977
2016-08-29,1089.100216
2016-08-30,1085.25019
2016-08-31,1074.097888
2016-09-01,1080.575326
2016-09-02,1085.973439
2016-09-05,1094.362313
2016-09-06,1101.484835
2016-09-07,1091.542311
2016-09-08,1094.441255
2016-09-09,1091.390195
2016-09-12,1070.536316
2016-09-13,1071.080096
2016-09-14,1068.401063
2016-09-19,1081.592628
2016-09-20,1091.743907
2016-09-21,1095.354578
2016-09-22,1100.149777
2016-09-23,1105.534455
2016-09-26,1106.056231
2016-09-27,1101.539771
2016-09-28,1102.260146
2016-09-29,1106.36046
2016-09-30,1102.787407
2016-10-10,1111.551449
2016-10-11,1126.075079
2016-10-12,1126.988759
2016-10-13,1120.50113
2016-10-14,1130.678651
2016-10-17,1140.791691
2016-10-18,1148.07916
2016-10-19,1143.238349
2016-10-20,1151.108994
2016-10-21,1149.328015
2016-10-24,1163.146156
2016-10-25,1183.554391
2016-10-26,1184.616057
2016-10-27,1183.277349
2016-10-28,1202.298292
2016-10-31,1213.020697
2016-11-01,1211.242797
2016-11-02,1198.650321
2016-11-03,1211.733382
2016-11-04,1210.673363
2016-11-07,1243.104875
2016-11-08,1250.394981
2016-11-09,1286.389439
2016-11-10,1314.346882
2016-11-11,1350.428809
2016-11-14,1304.046517
2016-11-15,1278.190148
2016-11-16,1295.81007
2016-11-17,1289.923873
2016-11-18,1275.547727
2016-11-21,1295.713783
2016-11-22,1333.026168
2016-11-23,1334.300378
2016-11-24,1345.067685
2016-11-25,1359.338385
2016-11-28,1390.539098
2016-11-29,1348.821031
2016-11-30,1321.84671
2016-12-01,1348.328768
2016-12-02,1338.079796
2016-12-05,1364.775137
2016-12-06,1366.930342
2016-12-07,1403.608411
2016-12-08,1390.831334
2016-12-09,1387.423103
2016-12-12,1401.122184
2016-12-13,1414.60254
2016-12-14,1397.65021
2016-12-15,1400.98364
2016-12-16,1383.312883
2016-12-19,1359.285106
2016-12-20,1341.235248
2016-12-21,1347.363219
2016-12-22,1313.527984
2016-12-23,1313.765534
2016-12-26,1292.469371
2016-12-27,1310.859414
2016-12-28,1315.729281
2016-12-29,1321.151614
2016-12-30,1303.897876
2017-01-03,1291.935997
2017-01-04,1298.425774
2017-01-05,1300.028867
2017-01-06,1290.053257
2017-01-09,1321.716671
2017-01-10,1342.975066
2017-01-11,1353.263639
2017-01-12,1360.949265
2017-01-13,1366.800551
2017-01-16,1409.472645
2017-01-17,1383.665289
2017-01-18,1386.597423
2017-01-19,1384.003066
2017-01-20,1360.028714
2017-01-23,1367.738685
2017-01-24,1387.881044
2017-01-25,1388.516709
2017-01-26,1406.01296
2017-02-03,1368.174359
2017-02-06,1367.858875
2017-02-07,1380.878029
2017-02-08,1393.106748
2017-02-09,1385.747719
2017-02-10,1410.334243
2017-02-13,1447.421302
2017-02-14,1447.711644
2017-02-15,1422.569697
2017-02-16,1408.51943
2017-02-17,1412.638495
2017-02-20,1423.521083
2017-02-21,1423.618256
2017-02-22,1411.20669
2017-02-23,1391.936368
2017-02-24,1395.268904
2017-02-27,1405.58056
2017-02-28,1389.682421
2017-03-01,1406.945946
2017-03-02,1409.389595
2017-03-03,1405.521455
2017-03-06,1396.844767
2017-03-07,1393.322173
2017-03-08,1365.508681
2017-03-09,1353.646167
2017-03-10,1344.729005
2017-03-13,1371.379346
2017-03-14,1363.362982
2017-03-15,1378.616342
2017-03-16,1387.066541
2017-03-17,1382.665417
2017-03-20,1384.763555
2017-03-21,1367.473178
2017-03-22,1345.868546
2017-03-23,1351.597119
2017-03-24,1346.804044
2017-03-27,1319.26606
2017-03-28,1320.788827
2017-03-29,1346.608667
2017-03-30,1334.552359
2017-03-31,1331.792228
2017-04-05,1351.162918
2017-04-06,1350.752331
2017-04-07,1322.210938
2017-04-10,1313.982356
2017-04-11,1306.803384
2017-04-12,1285.861202
2017-04-13,1294.255755
2017-04-14,1285.942793
2017-04-17,1286.613904
2017-04-18,1268.386184
2017-04-19,1266.258969
2017-04-20,1277.727024
2017-04-21,1285.025912
2017-04-24,1278.684777
2017-04-25,1274.406856
2017-04-26,1272.789379
2017-04-27,1281.726824
2017-04-28,1293.468983
2017-05-02,1306.210939
2017-05-03,1296.47332
2017-05-04,1254.58731
2017-05-05,1237.538912
2017-05-08,1242.930391
2017-05-09,1246.507971
2017-05-10,1248.43367
2017-05-11,1254.904903
2017-05-12,1240.133343
2017-05-15,1254.082692
2017-05-16,1258.729501
2017-05-17,1270.399789
2017-05-18,1262.229143
2017-05-19,1281.961705
2017-05-22,1290.321735
2017-05-23,1287.394463
2017-05-24,1271.260335
2017-05-25,1271.679203
2017-05-26,1266.522669
2017-05-31,1222.755862
2017-06-01,1223.563171
2017-06-02,1215.238545
2017-06-05,1218.797992
2017-06-06,1219.113812
2017-06-07,1221.002347
2017-06-08,1221.539732
2017-06-09,1224.623185
2017-06-12,1236.971594
2017-06-13,1216.681202
2017-06-14,1241.031544
2017-06-15,1234.410677
2017-06-16,1238.340064
2017-06-19,1247.804199
2017-06-20,1245.276063
2017-06-21,1242.54756
2017-06-22,1235.847639
2017-06-23,1249.996142
2017-06-26,1253.295744
2017-06-27,1268.342118
2017-06-28,1273.585558
2017-06-29,1294.762942
2017-06-30,1293.695733
2017-07-03,1312.397401
2017-07-04,1285.825027
2017-07-05,1293.595557
2017-07-06,1297.530443
2017-07-07,1302.845277
2017-07-10,1301.175515
2017-07-11,1320.799783
2017-07-12,1325.255125
2017-07-13,1331.653546
2017-07-14,1321.119946
2017-07-17,1340.787569
2017-07-18,1345.865216
2017-07-19,1363.653922
2017-07-20,1354.042714
2017-07-21,1359.737898
2017-07-24,1344.902853
2017-07-25,1362.652971
2017-07-26,1356.873876
2017-07-27,1365.196527
2017-07-28,1353.523182
2017-07-31,1384.95583
2017-08-01,1379.041656
2017-08-02,1380.748446
2017-08-03,1374.202924
2017-08-04,1388.105439
2017-08-07,1397.901727
2017-08-08,1404.051745
2017-08-09,1428.383078
2017-08-10,1427.20019
2017-08-11,1402.144706
2017-08-14,1396.270237
2017-08-15,1394.661436
2017-08-16,1389.820717
2017-08-17,1427.906055
2017-08-18,1440.606035
2017-08-21,1454.666422
2017-08-22,1467.272305
2017-08-23,1448.153798
2017-08-24,1457.723147
2017-08-25,1472.109173
2017-08-28,1469.048665
2017-08-29,1455.246805
2017-08-30,1451.078405
2017-08-31,1457.660589
2017-09-01,1472.39636
2017-09-04,1473.032536
2017-09-05,1482.231697
2017-09-06,1467.760827
2017-09-07,1462.842434
2017-09-08,1446.712495
2017-09-11,1446.624422
2017-09-12,1459.44403
2017-09-13,1442.339933
2017-09-14,1424.452044
2017-09-15,1410.231147
2017-09-18,1402.611469
2017-09-19,1391.141494
2017-09-20,1397.85152
2017-09-21,1366.394518
2017-09-22,1356.723073
2017-09-25,1360.93592
2017-09-26,1362.895147
2017-09-27,1366.524292
2017-09-28,1333.271181
2017-09-29,1347.32483
2017-10-09,1342.300108
2017-10-10,1330.062739
2017-10-11,1327.457458
2017-10-12,1345.920956
2017-10-13,1373.099627
2017-10-16,1383.668343
2017-10-17,1370.282182
2017-10-18,1366.39146
2017-10-19,1343.515231
2017-10-20,1375.399098
2017-10-23,1356.144856
2017-10-24,1359.687241
2017-10-25,1359.811121
2017-10-26,1356.91003
2017-10-27,1337.210134
2017-10-30,1333.318724
2017-10-31,1333.677096
2017-11-01,1339.510035
2017-11-02,1357.32528
2017-11-03,1355.910111
2017-11-06,1380.417374
2017-11-07,1384.302403
2017-11-08,1380.161341
2017-11-09,1381.740709
2017-11-10,1382.07724
2017-11-13,1388.818986
2017-11-14,1392.902079
2017-11-15,1364.159587
2017-11-16,1367.051756
2017-11-17,1369.508423
2017-11-20,1385.807889
2017-11-21,1390.83927
2017-11-22,1403.637592
2017-11-23,1406.366987
2017-11-24,1417.443279
2017-11-27,1403.545659
2017-11-28,1404.082658
2017-11-29,1408.544586
2017-11-30,1410.519957
2017-12-01,1420.789332
2017-12-04,1440.957559
2017-12-05,1426.266929
2017-12-06,1412.577
2017-12-07,1376.548995
2017-12-08,1390.260889
2017-12-11,1386.961911
2017-12-12,1394.122649
2017-12-13,1389.377656
2017-12-14,1377.020515
2017-12-15,1388.204622
2017-12-18,1414.912554
2017-12-19,1409.055651
2017-12-20,1408.872292
2017-12-21,1409.849933
2017-12-22,1416.857669
2017-12-25,1398.849443
2017-12-26,1409.659318
2017-12-27,1400.021419
2017-12-28,1405.463386
2017-12-29,1406.600124
2018-01-02,1422.515288
2018-01-03,1417.129251
2018-01-04,1425.25108
2018-01-05,1420.833787
2018-01-08,1427.243511
2018-01-09,1430.080126
2018-01-10,1425.989924
2018-01-11,1429.007268
2018-01-12,1420.168332
2018-01-15,1419.657708
2018-01-16,1404.356664
2018-01-17,1401.584339
2018-01-18,1404.882852
2018-01-19,1409.618804
2018-01-22,1412.364705
2018-01-23,1407.808844
2018-01-24,1404.757516
2018-01-25,1423.363586
2018-01-26,1415.767387
2018-01-29,1417.055022
2018-01-30,1405.362521
2018-01-31,1402.297077
2018-02-01,1395.09895
2018-02-02,1403.210355
2018-02-05,1408.872982
2018-02-06,1400.231251
2018-02-07,1403.99052
2018-02-08,1394.927026
2018-02-09,1387.444056
2018-02-12,1392.603379
2018-02-13,1396.296921
2018-02-14,1407.746237
2018-02-22,1409.576505
2018-02-23,1429.461161
2018-02-26,1439.381469
2018-02-27,1437.139485
2018-02-28,1431.935039
2018-03-01,1435.205533
2018-03-02,1433.897132
2018-03-05,1419.766973
2018-03-06,1421.594272
2018-03-07,1410.621341
2018-03-08,1393.69158
2018-03-09,1372.599587
2018-03-12,1370.807371
2018-03-13,1369.344698
2018-03-14,1381.50064
2018-03-15,1377.357727
2018-03-16,1371.929705
2018-03-19,1356.115342
2018-03-20,1351.736117
2018-03-21,1347.261165
2018-03-22,1351.919659
2018-03-23,1314.300648
2018-03-26,1308.188408
2018-03-27,1316.069426
2018-03-28,1304.518964
2018-03-29,1308.831932
2018-03-30,1329.136648
2018-04-02,1333.902699
2018-04-03,1332.341034
2018-04-04,1329.13752
2018-04-09,1339.769541
2018-04-10,1344.967269
2018-04-11,1338.944595
2018-04-12,1333.149523
2018-04-13,1338.437645
2018-04-16,1323.305513
2018-04-17,1330.585515
2018-04-18,1343.029873
2018-04-19,1369.525067
2018-04-20,1350.167836
2018-04-23,1368.118863
2018-04-24,1362.493242
2018-04-25,1362.877332
2018-04-26,1357.525131
2018-04-27,1354.935282
2018-05-02,1375.849078
2018-05-03,1374.385473
2018-05-04,1374.114654
2018-05-07,1379.092132
2018-05-08,1376.392076
2018-05-09,1365.978581
2018-05-10,1372.571083
2018-05-11,1382.93813
2018-05-14,1383.146136
2018-05-15,1381.97473
2018-05-16,1379.857063
2018-05-17,1377.383972
2018-05-18,1378.764563
2018-05-21,1378.233801
2018-05-22,1371.368491
2018-05-23,1362.971986
2018-05-24,1370.429482
2018-05-25,1367.300619
2018-05-28,1366.223912
2018-05-29,1384.005053
2018-05-30,1374.230048
2018-05-31,1385.150855
2018-06-01,1389.917587
2018-06-04,1384.339633
2018-06-05,1385.52969
2018-06-06,1389.288159
2018-06-07,1396.922651
2018-06-08,1387.425159
2018-06-11,1391.343922
2018-06-12,1399.529686
2018-06-13,1387.31047
2018-06-14,1394.278816
2018-06-15,1394.877823
2018-06-19,1352.5672
2018-06-20,1361.751634
2018-06-21,1355.956677
2018-06-22,1356.930661
2018-06-25,1358.15426
2018-06-26,1354.917148
2018-06-27,1361.946378
2018-06-28,1371.215454
2018-06-29,1385.494518
2018-07-02,1372.680467
2018-07-03,1375.067633
2018-07-04,1365.588873
2018-07-05,1357.164667
2018-07-06,1355.826237
2018-07-09,1364.964304
2018-07-10,1361.900143
2018-07-11,1355.078943
2018-07-12,1364.530711
2018-07-13,1355.989273
2018-07-16,1354.405715
2018-07-17,1352.159616
2018-07-18,1350.677509
2018-07-19,1358.152655
2018-07-20,1364.849256
2018-07-23,1369.429847
2018-07-24,1372.726194
2018-07-25,1383.986738
2018-07-26,1385.222003
2018-07-27,1398.565774
2018-07-30,1402.24771
2018-07-31,1407.963335
2018-08-01,1400.154118
2018-08-02,1402.701727
2018-08-03,1414.96091
2018-08-06,1434.736718
2018-08-07,1447.515253
2018-08-08,1445.335914
2018-08-09,1446.979964
2018-08-10,1435.593088
2018-08-13,1448.179251
2018-08-14,1442.620143
2018-08-15,1437.528617
2018-08-16,1423.362103
2018-08-17,1434.029339
2018-08-20,1445.213515
2018-08-21,1445.002441
2018-08-22,1446.610126
2018-08-23,1432.935619
2018-08-24,1442.063282
2018-08-27,1431.559972
2018-08-28,1437.994445
2018-08-29,1430.105488
2018-08-30,1431.844956
2018-08-31,1425.641971
2018-09-03,1414.799264
2018-09-04,1415.109582
2018-09-05,1411.062417
2018-09-06,1422.389785
2018-09-07,1417.333381
2018-09-10,1431.034183
2018-09-11,1412.901498
2018-09-12,1413.30091
2018-09-13,1421.81815
2018-09-14,1419.529231
2018-09-17,1416.809621
2018-09-18,1423.4801
2018-09-19,1429.043968
2018-09-20,1431.607822
2018-09-21,1436.822237
2018-09-25,1437.936688
2018-09-26,1440.489365
2018-09-27,1432.423088
2018-09-28,1432.77141
2018-10-08,1449.878935
2018-10-09,1476.387902
2018-10-10,1483.778855
2018-10-11,1464.268841
2018-10-12,1479.29699
2018-10-15,1473.675899
2018-10-16,1461.179589
2018-10-17,1476.954686
2018-10-18,1457.130407
2018-10-19,1452.59124
2018-10-22,1461.170868
2018-10-23,1456.663869
2018-10-24,1463.66447
2018-10-25,1456.700636
2018-10-26,1456.261954
2018-10-29,1440.95983
2018-10-30,1441.899343
2018-10-31,1432.633699
2018-11-01,1415.284841
2018-11-02,1412.29011
2018-11-05,1415.493032
2018-11-06,1409.237748
2018-11-07,1401.537213
2018-11-08,1404.957287
2018-11-09,1396.032645
2018-11-12,1385.067347
2018-11-13,1379.333168
2018-11-14,1375.257248
2018-11-15,1380.526618
2018-11-16,1389.090546
2018-11-19,1382.56721
2018-11-20,1365.684493
2018-11-21,1357.078526
2018-11-22,1350.092541
2018-11-23,1326.089424
2018-11-26,1306.934901
2018-11-27,1297.744535
2018-11-28,1314.383678
2018-11-29,1311.015827
2018-11-30,1316.877233
2018-12-03,1337.850978
2018-12-04,1346.036748
2018-12-05,1353.342109
2018-12-06,1342.593823
2018-12-07,1352.400497
2018-12-10,1345.317736
2018-12-11,1337.985355
2018-12-12,1340.936686
2018-12-13,1353.048102
2018-12-14,1354.092446
2018-12-17,1358.127292
2018-12-18,1351.470643
2018-12-19,1341.965805
2018-12-20,1347.19173
2018-12-21,1344.088572
2018-12-24,1333.499053
2018-12-25,1307.122028
2018-12-26,1311.742209
2018-12-27,1322.691982
2018-12-28,1324.653681
2019-01-02,1314.09526
2019-01-03,1332.837401
2019-01-04,1351.062772
2019-01-07,1358.225355
2019-01-08,1354.655063
2019-01-09,1360.873618
2019-01-10,1359.111153
2019-01-11,1365.421039
2019-01-14,1361.41574
2019-01-15,1361.049865
2019-01-16,1368.450704
2019-01-17,1368.778538
2019-01-18,1388.184575
2019-01-21,1395.404003
2019-01-22,1384.466149
2019-01-23,1388.053968
2019-01-24,1387.175732
2019-01-25,1391.68981
2019-01-28,1393.331634
2019-01-29,1391.411308
2019-01-30,1401.479626
2019-01-31,1414.957571
2019-02-01,1427.676204
2019-02-11,1434.188413
2019-02-12,1432.670818
2019-02-13,1423.0971
2019-02-14,1428.215689
2019-02-15,1416.345819
2019-02-18,1432.157518
2019-02-19,1442.012049
2019-02-20,1441.383033
2019-02-21,1441.799767
2019-02-22,1451.605082
2019-02-25,1441.118242
2019-02-26,1434.872626
2019-02-27,1430.481853
2019-02-28,1436.677488
2019-03-01,1460.373409
2019-03-04,1444.30343
2019-03-05,1439.896462
2019-03-06,1437.006021
2019-03-07,1438.538581
2019-03-08,1425.362076
2019-03-11,1420.527736
2019-03-12,1432.980387
2019-03-13,1427.741002
2019-03-14,1433.689169
2019-03-15,1426.413696
2019-03-18,1423.328839
2019-03-19,1427.471318
2019-03-20,1422.026832
2019-03-21,1428.053486
2019-03-22,1426.586649
2019-03-25,1409.448069
2019-03-26,1412.063144
2019-03-27,1412.27112
2019-03-28,1403.500563
2019-03-29,1414.584566
2019-04-01,1431.94009
2019-04-02,1437.050493
2019-04-03,1449.522222
2019-04-04,1450.55176
2019-04-08,1470.196363
2019-04-09,1468.55658
2019-04-10,1469.458719
2019-04-11,1471.054448
2019-04-12,1467.869471
2019-04-15,1470.369424
2019-04-16,1461.052764
2019-04-17,1458.458974
2019-04-18,1440.851868
2019-04-19,1449.052358
2019-04-22,1454.759802
2019-04-23,1457.324216
2019-04-24,1449.533518
2019-04-25,1450.395288
2019-04-26,1443.754222
2019-04-29,1446.148016
2019-04-30,1454.526459
2019-05-06,1440.168619
2019-05-07,1457.010952
2019-05-08,1450.467211
2019-05-09,1449.319376
2019-05-10,1454.950464
2019-05-13,1449.615898
2019-05-14,1435.048071
2019-05-15,1451.494934
2019-05-16,1468.528423
2019-05-17,1474.427368
2019-05-20,1476.797674
2019-05-21,1493.989146
2019-05-22,1482.117453
2019-05-23,1468.164781
2019-05-24,1471.849285
2019-05-27,1473.628466
2019-05-28,1477.248757
2019-05-29,1479.193163
2019-05-30,1467.499713
2019-05-31,1453.894039
2019-06-03,1431.919167
2019-06-04,1439.166498
2019-06-05,1438.321936
2019-06-06,1428.754035
2019-06-10,1438.016486
2019-06-11,1457.746207
2019-06-12,1441.721539
2019-06-13,1458.240483
2019-06-14,1451.423493
2019-06-17,1442.31732
2019-06-18,1442.106777
2019-06-19,1453.405763
2019-06-20,1466.915199
2019-06-21,1468.425886
2019-06-24,1474.492245
2019-06-25,1478.026841
2019-06-26,1483.510648
2019-06-27,1483.209218
2019-06-28,1485.022721
2019-07-01,1499.812957
2019-07-02,1497.424718
2019-07-03,1489.974879
2019-07-04,1486.830823
2019-07-05,1480.299253
2019-07-08,1489.767013
2019-07-09,1485.165903
2019-07-10,1488.500146
2019-07-11,1495.622271
2019-07-12,1491.080203
2019-07-15,1505.868107
2019-07-16,1505.855754
2019-07-17,1504.799716
2019-07-18,1503.584964
2019-07-19,1513.195354
2019-07-22,1492.894024
2019-07-23,1489.226795
2019-07-24,1482.706281
2019-07-25,1485.321396
2019-07-26,1492.016767
2019-07-29,1484.943683
2019-07-30,1495.246091
2019-07-31,1493.152131
2019-08-01,1480.087386
2019-08-02,1470.575412
2019-08-05,1461.811995
2019-08-06,1462.692074
2019-08-07,1453.073795
2019-08-08,1458.169018
2019-08-09,1450.278707
2019-08-12,1457.008235
2019-08-13,1457.606129
2019-08-14,1457.024018
2019-08-15,1451.938586
2019-08-16,1453.079771
2019-08-19,1457.048563
2019-08-20,1453.232488
2019-08-21,1443.018581
2019-08-22,1447.372201
2019-08-23,1452.290423
2019-08-26,1443.935468
2019-08-27,1438.61649
2019-08-28,1448.138776
2019-08-29,1444.350497
2019-08-30,1460.594974
2019-09-02,1471.341319
2019-09-03,1477.370706
2019-09-04,1486.250374
2019-09-05,1485.224954
2019-09-06,1472.451377
2019-09-09,1491.470425
2019-09-10,1489.189521
2019-09-11,1492.04975
2019-09-12,1494.869766
2019-09-16,1509.228675
2019-09-17,1513.334395
2019-09-18,1500.499906
2019-09-19,1480.029155
2019-09-20,1479.133708
2019-09-23,1492.275309
2019-09-24,1477.79025
2019-09-25,1477.064787
2019-09-26,1472.940128
2019-09-27,1465.12827
2019-09-30,1469.547202
2019-10-08,1469.142339
2019-10-09,1470.427939
2019-10-10,1475.456897
2019-10-11,1479.845393
2019-10-14,1470.394083
2019-10-15,1464.396499
2019-10-16,1450.03922
2019-10-17,1446.681373
2019-10-18,1449.857429
2019-10-21,1448.974768
2019-10-22,1449.680351
2019-10-23,1455.7444
2019-10-24,1464.113048
2019-10-25,1468.001836
2019-10-28,1462.356736
2019-10-29,1462.755413
2019-10-30,1466.136113
2019-10-31,1462.581742
2019-11-01,1462.160994
2019-11-04,1463.435807
2019-11-05,1475.643327
2019-11-06,1467.547377
2019-11-07,1462.419709
2019-11-08,1454.205213
2019-11-11,1442.776453
2019-11-12,1454.527794
2019-11-13,1449.748224
2019-11-14,1458.082089
2019-11-15,1455.218157
2019-11-18,1458.041311
2019-11-19,1464.858665
2019-11-20,1469.341848
2019-11-21,1471.09152
2019-11-22,1475.421437
2019-11-25,1491.926217
2019-11-26,1477.484273
2019-11-27,1473.234946
2019-11-28,1473.560011
2019-11-29,1473.862466
2019-12-02,1471.829633
2019-12-03,1472.88274
2019-12-04,1477.390812
2019-12-05,1482.772771
2019-12-06,1488.064185
2019-12-09,1508.169261
2019-12-10,1508.4934
2019-12-11,1513.738339
2019-12-12,1514.007558
2019-12-13,1513.929618
2019-12-16,1514.354383
2019-12-17,1515.764603
2019-12-18,1509.741978
2019-12-19,1517.455167
2019-12-20,1516.783918
2019-12-23,1518.020492
2019-12-24,1519.760032
2019-12-25,1519.442096
2019-12-26,1525.019671
2019-12-27,1529.996682
2019-12-30,1532.031923
2019-12-31,1531.464118
2020-01-02,1528.028967
2020-01-03,1531.692493
2020-01-06,1542.901782
2020-01-07,1541.656284
2020-01-08,1552.397275
2020-01-09,1526.591402
2020-01-10,1530.153677
2020-01-13,1526.396116
2020-01-14,1522.74595
2020-01-15,1518.444226
2020-01-16,1519.06077
2020-01-17,1523.303737
2020-01-20,1522.681762
2020-01-21,1510.354467
2020-01-22,1506.840214
2020-01-23,1486.543811
2020-02-03,1404.869972
2020-02-04,1408.569953
2020-02-05,1408.018755
2020-02-06,1419.893369
2020-02-07,1418.397366
2020-02-10,1412.415333
2020-02-11,1426.067357
2020-02-12,1429.645077
2020-02-13,1432.507139
2020-02-14,1433.178086
2020-02-17,1445.731602
2020-02-18,1437.555477
2020-02-19,1443.726341
2020-02-20,1462.551755
2020-02-21,1462.677783
2020-02-24,1451.546823
2020-02-25,1450.853744
2020-02-26,1427.618419
2020-02-27,1411.118097
2020-02-28,1373.209707
2020-03-02,1406.745208
2020-03-03,1409.363118
2020-03-04,1416.73675
2020-03-05,1419.160391
2020-03-06,1402.316102
2020-03-09,1368.621959
2020-03-10,1375.166508
2020-03-11,1355.99417
2020-03-12,1339.903871
2020-03-13,1345.630705
2020-03-16,1321.676176
2020-03-17,1316.719389
2020-03-18,1287.351626
2020-03-19,1266.405706
2020-03-20,1285.538318
2020-03-23,1260.421054
2020-03-24,1281.407291
2020-03-25,1299.163332
2020-03-26,1286.219262
2020-03-27,1286.473363
2020-03-30,1263.640846
2020-03-31,1278.232105
2020-04-01,1260.515193
2020-04-02,1293.272421
2020-04-03,1287.323238
2020-04-07,1310.625177
2020-04-08,1319.729738
2020-04-09,1334.83598
2020-04-10,1342.659736
2020-04-13,1337.191989
2020-04-14,1336.380828
2020-04-15,1328.898352
2020-04-16,1317.152325
2020-04-17,1321.041695
2020-04-20,1315.824989
2020-04-21,1286.135986
2020-04-22,1278.756551
2020-04-23,1301.734354
2020-04-24,1309.060404
2020-04-27,1304.651219
2020-04-28,1289.364781
2020-04-29,1301.643352
2020-04-30,1319.251653
2020-05-06,1335.53788
2020-05-07,1342.276704
2020-05-08,1349.993379
2020-05-11,1345.789051
2020-05-12,1340.906254
2020-05-13,1340.316084
2020-05-14,1335.619085
2020-05-15,1354.962226
2020-05-18,1374.01906
2020-05-19,1384.337367
2020-05-20,1387.824104
2020-05-21,1398.317491
2020-05-22,1373.475625
2020-05-25,1386.356291
2020-05-26,1385.799368
2020-05-27,1383.764586
2020-05-28,1386.087226
2020-05-29,1399.52508
2020-06-01,1414.297534
2020-06-02,1419.110185
2020-06-03,1434.286096
2020-06-04,1417.924224
2020-06-05,1429.474463
2020-06-08,1446.085997
2020-06-09,1440.669522
2020-06-10,1433.430995
2020-06-11,1426.98673
2020-06-12,1416.351022
2020-06-15,1397.261694
2020-06-16,1426.575839
2020-06-17,1425.948165
2020-06-18,1428.491178
2020-06-19,1442.100437
2020-06-22,1431.872478
2020-06-23,1433.666999
2020-06-24,1436.042896
2020-06-29,1406.070759
2020-06-30,1418.8571
2020-07-01,1421.588908
2020-07-02,1429.612595
2020-07-03,1436.078193
2020-07-06,1442.759005
2020-07-07,1439.888708
2020-07-08,1456.577705
2020-07-09,1464.875642
2020-07-10,1444.700127
2020-07-13,1471.529249
2020-07-14,1469.182928
2020-07-15,1473.166588
2020-07-16,1456.13223
2020-07-17,1460.980409
2020-07-20,1452.312377
2020-07-21,1470.64352
2020-07-22,1480.05063
2020-07-23,1486.397491
2020-07-24,1472.790563
2020-07-27,1475.512179
2020-07-28,1470.009211
2020-07-29,1480.811605
2020-07-30,1478.250508
2020-07-31,1478.530957
2020-08-03,1476.92013
2020-08-04,1485.494387
2020-08-05,1489.168499
2020-08-06,1502.487263
2020-08-07,1502.051409
2020-08-10,1500.712813
2020-08-11,1496.450916
2020-08-12,1489.000885
2020-08-13,1490.653971
2020-08-14,1493.193908
2020-08-17,1498.454774
2020-08-18,1503.983875
2020-08-19,1507.116225
2020-08-20,1495.584865
2020-08-21,1491.477798
2020-08-24,1493.045869
2020-08-25,1493.667456
2020-08-26,1501.523026
2020-08-27,1501.563647
2020-08-28,1508.894131
2020-08-31,1523.514775
2020-09-01,1529.514989
2020-09-02,1525.913812
2020-09-03,1513.506283
2020-09-04,1508.390181
2020-09-07,1498.754943
2020-09-08,1499.351059
2020-09-09,1456.035568
2020-09-10,1456.611766
2020-09-11,1459.472955
2020-09-14,1473.133758
2020-09-15,1467.427151
2020-09-16,1465.734898
2020-09-17,1458.924719
2020-09-18,1481.93484
2020-09-21,1468.177576
2020-09-22,1443.507894
2020-09-23,1431.879422
2020-09-24,1424.269331
2020-09-25,1431.589501
2020-09-28,1426.621224
2020-09-29,1435.524106
2020-09-30,1426.998401
2020-10-09,1470.457901
2020-10-12,1480.520407
2020-10-13,1474.791995
2020-10-14,1470.538928
2020-10-15,1472.276569
2020-10-16,1476.442784
2020-10-19,1474.89212
2020-10-20,1481.529943
2020-10-21,1490.354378
2020-10-22,1484.401999
2020-10-23,1470.585699
2020-10-26,1457.716586
2020-10-27,1463.768759
2020-10-28,1473.082295
2020-10-29,1443.791015
2020-10-30,1423.722626
2020-11-02,1422.943584
2020-11-03,1437.304305
2020-11-04,1452.266317
2020-11-05,1445.628591
2020-11-06,1446.295887
2020-11-09,1464.078495
2020-11-10,1470.852023
2020-11-11,1492.954597
2020-11-12,1485.764032
2020-11-13,1482.258887
2020-11-16,1497.340739
2020-11-17,1495.39217
2020-11-18,1494.263777
2020-11-19,1503.676645
2020-11-20,1511.78273
2020-11-23,1516.463729
2020-11-24,1533.127019
2020-11-25,1536.889279
2020-11-26,1540.383141
2020-11-27,1550.123965
2020-11-30,1541.423391
2020-12-01,1545.725181
2020-12-02,1548.790381
2020-12-03,1548.131784
2020-12-04,1567.02505
2020-12-07,1577.072877
2020-12-08,1562.790469
2020-12-09,1569.455694
2020-12-10,1578.682388
2020-12-11,1597.644662
2020-12-14,1600.090233
2020-12-15,1606.684334
2020-12-16,1616.078492
2020-12-17,1644.617465
2020-12-18,1667.950921
2020-12-21,1692.05989
2020-12-22,1633.627012
2020-12-23,1621.099107
2020-12-24,1648.358987
2020-12-25,1667.653865
2020-12-28,1650.020783
2020-12-29,1634.915554
2020-12-30,1638.266621
2020-12-31,1644.90095
2021-01-04,1682.632493
2021-01-05,1679.494199
2021-01-06,1697.185671
2021-01-07,1725.380823
2021-01-08,1724.090406
2021-01-11,1675.906983
2021-01-12,1689.543361
2021-01-13,1695.681086
2021-01-14,1684.277296
2021-01-15,1687.111686
2021-01-18,1693.238912
2021-01-19,1677.15834
2021-01-20,1685.836686
2021-01-21,1694.523346
2021-01-22,1667.0641
2021-01-25,1667.09218
2021-01-26,1648.691714
2021-01-27,1670.556029
2021-01-28,1645.934912
2021-01-29,1652.426524
2021-02-01,1661.010657
2021-02-02,1652.096779
2021-02-03,1646.765693
2021-02-04,1676.398555
2021-02-05,1685.743136
2021-02-08,1701.679498
2021-02-09,1727.410014
2021-02-10,1718.346571
2021-02-18,1789.479592
2021-02-19,1788.692397
2021-02-22,1813.559343
2021-02-23,1832.163056
2021-02-24,1830.422474
2021-02-25,1865.989743
2021-02-26,1829.018558
2021-03-01,1821.13689
2021-03-02,1797.230075
2021-03-03,1811.511904
2021-03-04,1803.816762
2021-03-05,1799.329373
2021-03-08,1823.523874
2021-03-09,1772.277346
2021-03-10,1762.867607
2021-03-11,1790.151445
2021-03-12,1779.347215
2021-03-15,1783.30459
2021-03-16,1771.967555
2021-03-17,1784.25
2021-03-18,1777.766088
2021-03-19,1720.56899
2021-03-22,1724.150439
2021-03-23,1734.372638
2021-03-24,1723.672872
2021-03-25,1726.283901
2021-03-26,1739.757135
2021-03-29,1754.452127
2021-03-30,1755.345356
2021-03-31,1743.461873
2021-04-01,1753.05483
2021-04-02,1789.509834
2021-04-06,1773.305628
2021-04-07,1778.078901
2021-04-08,1769.7804
2021-04-09,1764.277702
2021-04-12,1751.537706
2021-04-13,1767.630123
2021-04-14,1777.94752
2021-04-15,1806.418788
2021-04-16,1822.552805
2021-04-19,1817.76451
2021-04-20,1832.009398
2021-04-21,1822.484297
2021-04-22,1821.616362
2021-04-23,1831.896504
2021-04-26,1841.956157
2021-04-27,1864.754687
2021-04-28,1861.492985
2021-04-29,1876.697405
2021-04-30,1861.329501
2021-05-06,1923.323079
2021-05-07,1944.34541
2021-05-10,1986.14282
2021-05-11,1959.685049
2021-05-12,1995.488002
2021-05-13,1941.168609
2021-05-14,1897.620073
2021-05-17,1917.069945
2021-05-18,1949.36439
2021-05-19,1899.481531
2021-05-20,1871.088603
2021-05-21,1837.358721
2021-05-24,1838.540196
2021-05-25,1848.457216
2021-05-26,1827.898691
2021-05-27,1838.43309
2021-05-28,1865.211723
2021-05-31,1878.618694
2021-06-01,1915.055855
2021-06-02,1903.434726
2021-06-03,1931.564443
2021-06-04,1902.841318
2021-06-07,1880.377493
2021-06-08,1886.759676
2021-06-09,1908.343887
2021-06-10,1902.235057
2021-06-11,1939.613153
2021-06-15,1914.789633
2021-06-16,1900.181326
2021-06-17,1906.071105
2021-06-18,1871.943628
2021-06-21,1852.180532
2021-06-22,1877.483214
2021-06-23,1902.368575
2021-06-24,1901.740032
2021-06-25,1922.142985
2021-06-28,1917.451546
2021-06-29,1892.024635
2021-06-30,1904.973889
2021-07-01,1907.632183
2021-07-02,1924.267681
2021-07-05,1952.714268
2021-07-06,1964.047767
2021-07-07,1940.463589
2021-07-08,1908.841798
2021-07-09,1919.285335
2021-07-12,1925.957339
2021-07-13,1944.748448
2021-07-14,1956.020292
2021-07-15,1945.450883
2021-07-16,1952.922684
2021-07-19,1948.788118
2021-07-20,1928.96897
2021-07-21,1915.311703
2021-07-22,1929.58062
2021-07-23,1944.160854
2021-07-26,1954.196504
2021-07-27,1956.756407
2021-07-28,1972.776422
2021-07-29,1983.294368
2021-07-30,1970.030968
2021-08-02,1948.507565
2021-08-03,1917.415632
2021-08-04,1939.573958
2021-08-05,1907.02065
2021-08-06,1930.57661
2021-08-09,1898.888298
2021-08-10,1913.548093
2021-08-11,1934.892863
2021-08-12,1923.687814
2021-08-13,1928.180558
2021-08-16,1925.615243
2021-08-17,1929.275469
2021-08-18,1905.924443
2021-08-19,1863.028679
2021-08-20,1862.652243
2021-08-23,1871.800202
2021-08-24,1914.683602
2021-08-25,1928.544754
2021-08-26,1917.312168
2021-08-27,1931.473503
2021-08-30,1943.000236
2021-08-31,1934.982067
2021-09-01,1919.205579
2021-09-02,1929.54303
2021-09-03,1951.038938
2021-09-06,1943.185644
2021-09-07,1968.704739
2021-09-08,1952.171923
2021-09-09,1970.007302
2021-09-10,1955.453585
2021-09-13,1955.683403
2021-09-14,1949.052451
2021-09-15,1954.636228
2021-09-16,1945.847806
2021-09-17,1923.311846
2021-09-22,1954.909309
2021-09-23,1965.910429
2021-09-24,1969.665041
2021-09-27,1985.125952
2021-09-28,2002.877814
2021-09-29,1991.243967
2021-09-30,2020.873484
2021-10-08,2077.516428
2021-10-11,2123.435187
2021-10-12,2108.157474
2021-10-13,2084.288615
2021-10-14,2102.873458
2021-10-15,2127.940391
2021-10-18,2152.049855
2021-10-19,2150.505808
2021-10-20,2106.690642
2021-10-21,2065.033801
2021-10-22,2050.79794
2021-10-25,2067.519987
2021-10-26,2084.029098
2021-10-27,2031.242984
2021-10-28,2005.449511
2021-10-29,1981.297857
2021-11-01,1955.806374
2021-11-02,1943.727762
2021-11-03,1969.287729
2021-11-04,1921.478911
2021-11-05,1909.386349
2021-11-08,1936.938719
2021-11-09,1924.362037
2021-11-10,1924.700447
2021-11-11,1951.353653
2021-11-12,1924.481095
2021-11-15,1896.691396
2021-11-16,1903.999145
2021-11-17,1908.143985
2021-11-18,1878.366286
2021-11-19,1922.998425
2021-11-22,1918.646166
2021-11-23,1932.726719
2021-11-24,1982.412973
2021-11-25,1982.524725
2021-11-26,1930.879762
2021-11-29,1920.334282
2021-11-30,1884.599779
2021-12-01,1907.96766
2021-12-02,1877.730412
2021-12-03,1898.990629
2021-12-06,1899.505862
2021-12-07,1935.516686
2021-12-08,1933.277442
2021-12-09,1927.428782
2021-12-10,1916.936401
2021-12-13,1953.901159
2021-12-14,1931.408652
2021-12-15,1919.740645
2021-12-16,1953.104237
2021-12-17,1959.759985
2021-12-20,1923.371496
2021-12-21,1945.769953
2021-12-22,1956.575714
2021-12-23,1977.761536
2021-12-24,1996.713869
2021-12-27,1956.488643
2021-12-28,1978.123165
2021-12-29,1974.298582
2021-12-30,1977.252379
2021-12-31,1988.064986
2022-01-04,1997.823285
2022-01-05,2017.392177
2022-01-06,2017.58521
2022-01-07,2043.614259
2022-01-10,2039.890271
2022-01-11,2043.716473
2022-01-12,2069.404463
2022-01-13,2070.183283
2022-01-14,2081.5189
2022-01-17,2054.960431
2022-01-18,2075.666771
2022-01-19,2092.258784
2022-01-20,2119.312819
2022-01-21,2113.350375
2022-01-24,2100.910137
2022-01-25,2096.534841
2022-01-26,2111.836779
2022-01-27,2108.34485
2022-01-28,2136.70111
2022-02-07,2179.812856
2022-02-08,2188.578606
2022-02-09,2152.54154
2022-02-10,2188.454754
2022-02-11,2163.427572
2022-02-14,2187.553686
2022-02-15,2157.110582
2022-02-16,2155.343261
2022-02-17,2137.171612
2022-02-18,2164.237103
2022-02-21,2177.68931
2022-02-22,2189.009958
2022-02-23,2198.508972
2022-02-24,2229.86528
2022-02-25,2187.72226
2022-02-28,2214.773895
2022-03-01,2248.91748
2022-03-02,2303.079257
2022-03-03,2374.56629
2022-03-04,2350.131812
2022-03-07,2477.428871
2022-03-08,2495.958476
2022-03-09,2527.886269
2022-03-10,2429.811558
2022-03-11,2406.436008
2022-03-14,2337.867797
2022-03-15,2286.911388
2022-03-16,2344.499602
2022-03-17,2327.447142
2022-03-18,2390.174395
2022-03-21,2376.291221
2022-03-22,2397.498344
2022-03-23,2407.178903
2022-03-24,2446.897526
2022-03-25,2487.422514
2022-03-28,2454.791412
2022-03-29,2442.88385
2022-03-30,2462.332645
2022-03-31,2447.04714
2022-04-01,2438.13896
2022-04-06,2479.333535
2022-04-07,2424.064131
2022-04-08,2435.178651
2022-04-11,2404.596341
2022-04-12,2462.483981
2022-04-13,2458.641101
2022-04-14,2490.008455
2022-04-15,2524.270495
2022-04-18,2536.936344
2022-04-19,2527.016911
2022-04-20,2510.688649
2022-04-21,2521.304458
2022-04-22,2490.999322
2022-04-25,2390.325983
2022-04-26,2411.73637
2022-04-27,2438.038252
2022-04-28,2445.424213
2022-04-29,2487.752432
2022-05-05,2486.804984
2022-05-06,2440.884464
2022-05-09,2414.948365
2022-05-10,2366.595039
2022-05-11,2395.38259
2022-05-12,2383.923532
2022-05-13,2413.641119
2022-05-16,2434.469435
2022-05-17,2451.442687
2022-05-18,2403.328785
2022-05-19,2416.827215
2022-05-20,2448.260296
2022-05-23,2447.251012
2022-05-24,2406.458469
2022-05-25,2435.049408
2022-05-26,2430.365594
2022-05-27,2469.97346
2022-05-30,2481.532904
2022-05-31,2512.276361
2022-06-01,2500.52516
2022-06-02,2518.994815
2022-06-06,2545.00424
2022-06-07,2543.435715
2022-06-08,2565.765827
2022-06-09,2547.985348
2022-06-10,2541.922192
2022-06-13,2510.227732
2022-06-14,2501.475082
2022-06-15,2449.483839
2022-06-16,2438.253867
2022-06-17,2406.294329
2022-06-20,2316.140858
2022-06-21,2328.370074
2022-06-22,2276.447226
2022-06-23,2297.861707
2022-06-24,2231.095483
2022-06-27,2283.936945
2022-06-28,2334.145514
2022-06-29,2316.446801
2022-06-30,2304.73491
2022-07-01,2239.992217
2022-07-04,2233.292995
2022-07-05,2240.346297
2022-07-06,2191.86559
2022-07-07,2177.157362
2022-07-08,2155.612326
2022-07-11,2144.995741
2022-07-12,2099.44688
2022-07-13,2078.680514
2022-07-14,2043.00975
2022-07-15,1964.40254
2022-07-18,2064.164458
2022-07-19,2039.019454
2022-07-20,2061.052282
2022-07-21,2049.706091
2022-07-22,2072.72814
2022-07-25,2076.733962
2022-07-26,2132.573172
2022-07-27,2115.4145
2022-07-28,2189.896528
2022-07-29,2194.921732
2022-08-01,2207.220717
2022-08-02,2202.111206
2022-08-03,2187.453779
2022-08-04,2144.170191
2022-08-05,2168.979007
2022-08-08,2195.787272
2022-08-09,2197.860338
2022-08-10,2188.007441
2022-08-11,2225.341091
2022-08-12,2241.779961
2022-08-15,2213.635605
2022-08-16,2215.540487
2022-08-17,2187.278201
2022-08-18,2174.909973
2022-08-19,2173.080794
2022-08-22,2207.4295
2022-08-23,2226.489914
2022-08-24,2248.983765
2022-08-25,2252.149411
2022-08-26,2269.168534
2022-08-29,2227.437325
2022-08-30,2201.51352
2022-08-31,2197.790821
2022-09-01,2164.532539
2022-09-02,2153.249439
2022-09-05,2176.84802
2022-09-06,2181.662559
2022-09-07,2161.124263
2022-09-08,2180.888031
2022-09-09,2201.104185
2022-09-13,2236.723604
2022-09-14,2217.233568
2022-09-15,2236.032056
2022-09-16,2215.266094
2022-09-19,2202.482969
2022-09-20,2207.658017
2022-09-21,2233.348192
2022-09-22,2242.509993
2022-09-23,2229.402651
2022-09-26,2179.116383
2022-09-27,2198.902539
2022-09-28,2233.082721
2022-09-29,2266.893525
2022-09-30,2274.471317
2022-10-10,2278.676039
2022-10-11,2260.994045
2022-10-12,2250.809154
2022-10-13,2233.606101
2022-10-14,2263.976
2022-10-17,2220.376427
2022-10-18,2220.689922
2022-10-19,2216.656834
2022-10-20,2208.195656
2022-10-21,2203.633454
2022-10-24,2215.074883
2022-10-25,2211.758691
2022-10-26,2202.972273
2022-10-27,2195.742463
2022-10-28,2170.774697
2022-10-31,2135.783475
2022-11-01,2189.267578
2022-11-02,2205.4965
2022-11-03,2209.2702
2022-11-04,2250.0106
2022-11-07,2255.7373
2022-11-08,2275.0926
2022-11-09,2275.891776
2022-11-10,2257.450285
2022-11-11,2305.146886
2022-11-14,2287.74014
2022-11-15,2300.963232
2022-11-16,2306.664955
2022-11-17,2296.149044
2022-11-18,2291.791614
2022-11-21,2252.863211
2022-11-22,2244.174028
2022-11-23,2257.063075
2022-11-24,2254.499209
2022-11-25,2273.724167
2022-11-28,2241.317512
2022-11-29,2282.422668
2022-11-30,2276.479196
2022-12-01,2287.785498
2022-12-02,2306.248202
2022-12-05,2298.982644
2022-12-06,2281.643314
2022-12-07,2255.1059798975944
2022-12-08,2287.74359714033
2022-12-09,2310.9656285245605
2022-12-12,2294.3606983120167
2022-12-13,2315.3490860316747
2022-12-14,2328.253486073725
2022-12-15,2343.673151962866
2022-12-16,2330.844895304886
2022-12-19,2291.877659587444
2022-12-20,2293.262630570635
2022-12-21,2328.289090196891
2022-12-22,2312.1475067420097
2022-12-23,2310.736363851133
2022-12-26,2339.601160001421
2022-12-27,2372.9925143670594
2022-12-28,2361.551941365669
2022-12-29,2356.4067895101707
2022-12-30,2380.524045432972
2023-01-03,2376.956364620028
2023-01-04,2341.323803021494
2023-01-05,2315.8684263343484
2023-01-06,2328.930098014937
2023-01-09,2326.321202713163
2023-01-10,2324.5613645064377
2023-01-11,2345.4269130713033
2023-01-12,2354.0091499509613
2023-01-13,2379.4169965961914
2023-01-16,2361.0138159734634
2023-01-17,2371.04078559149
2023-01-18,2403.96
2023-01-19,2402.99
2023-01-20,2432.99
2023-01-30,2425.49
2023-01-31,2404.63
2023-02-01,2413.49
2023-02-02,2375.16
2023-02-03,2379.25
2023-02-06,2356.32
2023-02-07,2353.15
2023-02-08,2370.08
2023-02-09,2376.29
2023-02-10,2362.72
2023-02-13,2344.56
2023-02-14,2363.61
2023-02-15,2356.17
2023-02-16,2381.06
2023-02-17,2382.82
2023-02-20,2392.77
2023-02-21,2411.47
2023-02-22,2406.35
2023-02-23,2398.89
2023-02-24,2410.7
2023-02-27,2382.25
2023-02-28,2384.69
2023-03-01,2409.95
2023-03-02,2407.3
2023-03-03,2420.68
2023-03-06,2406.35
2023-03-07,2420.2
2023-03-08,2395.92
2023-03-09,2394.07
2023-03-10,2372.86
2023-03-13,2391.86
2023-03-14,2364.53
2023-03-15,2357.94
2023-03-16,2299.72
2023-03-17,2321.26
2023-03-20,2291.51
2023-03-21,2294.91
2023-03-22,2300.35
2023-03-23,2287.48
2023-03-24,2315.17
2023-03-27,2307.66
2023-03-28,2322.34
2023-03-29,2332.41
2023-03-30,2340.76
2023-03-31,2346.96
2023-04-03,2359.07
2023-04-04,2359.36
2023-04-06,2347.13
2023-04-07,2362.93
2023-04-10,2337.66
2023-04-11,2352.69
2023-04-12,2346.43
2023-04-13,2340.23
2023-04-14,2350.51
2023-04-17,2367.67
2023-04-18,2371.71
2023-04-19,2364.83
2023-04-20,2341.42
2023-04-21,2301.46
2023-04-24,2277.85
2023-04-25,2284.69
2023-04-26,2276.58
2023-04-27,2243.18
2023-04-28,2250.58
2023-05-04,2222.4
2023-05-05,2226.38
2023-05-08,2268.72
2023-05-09,2246.38
2023-05-10,2250.21
2023-05-11,2209.13
2023-05-12,2183.53
2023-05-15,2210.45
2023-05-16,2202.47
2023-05-17,2216.7
2023-05-18,2228.78
2023-05-19,2218.23
2023-05-22,2177.74
2023-05-23,2174.67
2023-05-24,2157.67
2023-05-25,2148.12
2023-05-26,2167
2023-05-29,2178.18
2023-05-30,2159.02
2023-05-31,2134.04
2023-06-01,2173.35
2023-06-02,2200.04
2023-06-05,2205.53
2023-06-06,2207.62
2023-06-07,2206.06
2023-06-08,2223.19
2023-06-09,2246.04
2023-06-12,2214.51
2023-06-13,2236.55
2023-06-14,2265.85
2023-06-15,2267.65
2023-06-16,2304.1
2023-06-19,2290.07
2023-06-20,2298.53
2023-06-21,2293.24
2023-06-26,2270.71
2023-06-27,2288.22
2023-06-28,2281.11
2023-06-29,2285.75
2023-06-30,2297.63
2023-07-03,2326.16
2023-07-04,2319.06
2023-07-05,2318.71
2023-07-06,2339.09
2023-07-07,2322.04
2023-07-10,2324.27
2023-07-11,2348.66
2023-07-12,2367.31
2023-07-13,2379.98
2023-07-14,2400.11
2023-07-17,2367.07
2023-07-18,2387.16
2023-07-19,2401.82
2023-07-20,2422.22
2023-07-21,2421.18
2023-07-24,2407.8
2023-07-25,2438.56
2023-07-26,2459.4
2023-07-27,2451.43
2023-07-28,2447.58
2023-07-31,2446.8
2023-08-01,2472.67
2023-08-02,2467.22
2023-08-03,2410.78
2023-08-04,2431.76
2023-08-07,2425.23
2023-08-08,2408.16
2023-08-09,2426.52
2023-08-10,2422.46
2023-08-11,2433.66
2023-08-14,2415.31
2023-08-15,2446.84
2023-08-16,2426.12
2023-08-17,2451.86
2023-08-18,2458.51
2023-08-21,2491.38
2023-08-22,2502.22
2023-08-23,2506.98
2023-08-24,2501.66
2023-08-25,2526.93
2023-08-28,2514.1
2023-08-29,2506.62
2023-08-30,2543.29
2023-08-31,2551.16
2023-09-01,2587.72
2023-09-04,2576.88
2023-09-05,2582.68
2023-09-06,2600.19
2023-09-07,2582.94
2023-09-08,2555.88
2023-09-11,2579.61
2023-09-12,2591.93
2023-09-13,2586.22
2023-09-14,2608.14
2023-09-15,2625.6
2023-09-18,2619.33
2023-09-19,2604.09
2023-09-20,2607.92
2023-09-21,2567.34
2023-09-22,2592.98
2023-09-25,2570.02
2023-09-26,2545.29
2023-09-27,2557.9
2023-09-28,2584.31
2023-10-09,2516.7
2023-10-10,2482.3
2023-10-11,2491.56
2023-10-12,2498.37
2023-10-13,2507.44
2023-10-16,2547.41
2023-10-17,2531.94
2023-10-18,2534.27
2023-10-19,2540.38
2023-10-20,2524.36
2023-10-23,2507.31
2023-10-24,2517.85
2023-10-25,2523.57
2023-10-26,2533.41
2023-10-27,2544.53
2023-10-30,2556.72
2023-10-31,2533.81
2023-11-01,2530
2023-11-02,2541.98
2023-11-03,2565.38
2023-11-06,2564.03
2023-11-07,2543.52
2023-11-08,2547.27
2023-11-09,2536.47
2023-11-10,2555.29
2023-11-13,2548.73
2023-11-14,2561.94
2023-11-15,2580.55
2023-11-16,2578.8
2023-11-17,2542.63
2023-11-20,2564.38
2023-11-21,2551.71
2023-11-22,2561.36
2023-11-23,2532.87
2023-11-24,2549.15
2023-11-27,2543.42
2023-11-28,2531.85
2023-11-29,2535.55
2023-11-30,2556.96
2023-12-01,2538.9
2023-12-04,2514.49
2023-12-05,2502.18
2023-12-06,2514.26
2023-12-07,2517.49
2023-12-08,2547.02
2023-12-11,2540.94
2023-12-12,2552.23
2023-12-13,2489.99
2023-12-14,2502.02
2023-12-15,2514.32
2023-12-18,2520.76
2023-12-19,2517.26
2023-12-20,2534.39
2023-12-21,2550.83
2023-12-22,2563.48
2023-12-25,2546.49
2023-12-26,2554.62
2023-12-27,2573.14
2023-12-28,2556.09
2023-12-29,2528.38
2024-01-02,2550.77
2024-01-03,2538.56
2024-01-04,2539.29
2024-01-05,2518.44
2024-01-08,2502.85
2024-01-09,2494.12
2024-01-10,2491.29
2024-01-11,2507.2
2024-01-12,2504.74
2024-01-15,2493.32
2024-01-16,2502.56
2024-01-17,2485.36
2024-01-18,2505.99
2024-01-19,2515.5
2024-01-22,2508.57
2024-01-23,2533.18
2024-01-24,2547.32
2024-01-25,2549.94
2024-01-26,2557.8
2024-01-29,2557.96
2024-01-30,2527.64
2024-01-31,2518.66
2024-02-01,2507.19
2024-02-02,2483.15
2024-02-05,2475.56
2024-02-06,2477.55
2024-02-07,2477.79
2024-02-08,2504.05
2024-02-19,2508.11
2024-02-20,2494.61
2024-02-21,2502.37
2024-02-22,2516.41
2024-02-23,2518.02
2024-02-26,2489.47
2024-02-27,2521.86
2024-02-28,2519.12
2024-02-29,2524.89
2024-03-01,2522.54
2024-03-04,2538.89
2024-03-05,2530.19
2024-03-06,2533.64
2024-03-07,2546.95
2024-03-08,2562.25
2024-03-11,2525.75
2024-03-12,2537.25
2024-03-13,2529.81
2024-03-14,2538.24
2024-03-15,2549.82
2024-03-18,2558.1
2024-03-19,2575.28
2024-03-20,2577.47
2024-03-21,2596
2024-03-22,2571.76
2024-03-25,2564.27
2024-03-26,2545.21
2024-03-27,2524.23
2024-03-28,2530.35
2024-03-29,2534.39
2024-04-01,2554.22
2024-04-02,2558.69
2024-04-03,2571.61
2024-04-08,2609.11
2024-04-09,2632.88
2024-04-10,2640.16
2024-04-11,2648.37
2024-04-12,2667.5
2024-04-15,2665.21
2024-04-16,2647.52
2024-04-17,2664.98
2024-04-18,2668.91
2024-04-19,2678.67
2024-04-22,2660.38
2024-04-23,2641.47
2024-04-24,2681.32
2024-04-25,2677.73
2024-04-26,2698.94
2024-04-29,2686.38
2024-04-30,2682.11
2024-05-06,2688.06
2024-05-07,2688.36
2024-05-08,2658.42
2024-05-09,2659.64
2024-05-10,2671.34
2024-05-13,2675.91
2024-05-14,2663.34
2024-05-15,2660.37
2024-05-16,2687.3
2024-05-17,2725.16
2024-05-20,2763.94
2024-05-21,2758.82
2024-05-22,2773.84
2024-05-23,2733.38
2024-05-24,2741.17
2024-05-27,2741.64
2024-05-28,2750.93
2024-05-29,2781.64
2024-05-30,2741.68
2024-05-31,2727.22
2024-06-03,2678.05
2024-06-04,2658.78
2024-06-05,2636.77
2024-06-06,2669.31
2024-06-07,2680.41
2024-06-11,2641.53
2024-06-12,2658.89
2024-06-13,2649.35
2024-06-14,2652.78
2024-06-17,2618.58
2024-06-18,2629.91
2024-06-19,2647.86
2024-06-20,2656.89
2024-06-21,2639.32
2024-06-24,2619.72
2024-06-25,2629.32
2024-06-26,2640.84
2024-06-27,2620.69
2024-06-28,2648.18
2024-07-01,2662.37
2024-07-02,2685.69
2024-07-03,2707.5
2024-07-04,2698.82
2024-07-05,2680.22
2024-07-08,2656.58
2024-07-09,2655.38
2024-07-10,2613.39
2024-07-11,2634.25
2024-07-12,2633.23
2024-07-15,2630.21
2024-07-16,2625.36
2024-07-17,2606.64
2024-07-18,2620.55
2024-07-19,2592.11
2024-07-22,2570.28
2024-07-23,2544.23
2024-07-24,2544.88
2024-07-25,2505.12
2024-07-26,2530.71
2024-07-29,2517.4
2024-07-30,2482.46
2024-07-31,2510.83
2024-08-01,2523.81
2024-08-02,2526.06
2024-08-05,2473.14
2024-08-06,2441.11
2024-08-07,2436.85
2024-08-08,2427.92
2024-08-09,2455.27
2024-08-12,2450.36
2024-08-13,2438.52
2024-08-14,2407.29
2024-08-15,2411.18
2024-08-16,2413.07
2024-08-19,2420.43
2024-08-20,2419.51
2024-08-21,2448
2024-08-22,2418.72
2024-08-23,2416.49
2024-08-26,2473.92
2024-08-27,2486.86
2024-08-28,2472.45
2024-08-29,2465.84
2024-08-30,2472.97
2024-09-02,2409.28
2024-09-03,2412.05
2024-09-04,2358.6
2024-09-05,2345.45
2024-09-06,2354.49
2024-09-09,2337.15
2024-09-10,2323.17
2024-09-11,2345.29
2024-09-12,2364.54
2024-09-13,2367.18
2024-09-18,2374.06
2024-09-19,2407.02
2024-09-20,2399.01
2024-09-23,2378.7
2024-09-24,2434.41
2024-09-25,2455.78
2024-09-26,2471.55
2024-09-27,2501.7
2024-09-30,2586.67
2024-10-08,2576.84
2024-10-09,2554.99
2024-10-10,2537.41
2024-10-11,2570.06
2024-10-14,2580.92
2024-10-15,2553.56
2024-10-16,2550.69
2024-10-17,2494.73
2024-10-18,2523.76
2024-10-21,2531.26
2024-10-22,2536.43
2024-10-23,2543.3
2024-10-24,2553.24
2024-10-25,2548.42
2024-10-28,2560.17
2024-10-29,2532.97
2024-10-30,2550.68
2024-10-31,2550.29
2024-11-01,2550.63
2024-11-04,2560.07
2024-11-05,2568.04
2024-11-06,2549.32
2024-11-07,2580.55
2024-11-08,2573.99
2024-11-11,2557.19
2024-11-12,2527.59
2024-11-13,2518.95
2024-11-14,2496.7
2024-11-15,2478.92
2024-11-18,2488.57
2024-11-19,2521.14
2024-11-20,2521.51
2024-11-21,2526.05
2024-11-22,2510.37
2024-11-25,2519.87
2024-11-26,2507.21
2024-11-27,2517.58
2024-11-28,2504.02
2024-11-29,2522.64
2024-12-02,2521.59
2024-12-03,2530.56
2024-12-04,2528.87
2024-12-05,2502.81
2024-12-06,2501.82
2024-12-09,2501.19
2024-12-10,2517.07
2024-12-11,2533.76
2024-12-12,2551.47
2024-12-13,2527.15
2024-12-16,2527.22
2024-12-17,2516.27
2024-12-18,2482
2024-12-19,2471.67
2024-12-20,2469.33
2024-12-23,2484.06
2024-12-24,2488.88
2024-12-25,2489.39
2024-12-26,2487.11
2024-12-27,2475.77
2024-12-30,2489.24
2024-12-31,2496.47
2025-01-02,2499.96
2025-01-03,2485.73
2025-01-06,2477.06
2025-01-07,2478.37
2025-01-08,2477.96
2025-01-09,2479.73
2025-01-10,2492.87
2025-01-13,2551.5
2025-01-14,2554.61
2025-01-15,2564.61
2025-01-16,2586.22
2025-01-17,2594.26
2025-01-20,2573.89
2025-01-21,2581.35
2025-01-22,2571.3
2025-01-23,2551.68
2025-01-24,2560.85
2025-01-27,2560.22
2025-02-05,2566.68
2025-02-06,2580.29
2025-02-07,2600.41
2025-02-10,2605.28
2025-02-11,2597.67
2025-02-12,2603.51
2025-02-13,2561.57
2025-02-14,2577.74
2025-02-17,2563.53
2025-02-18,2573.51
2025-02-19,2583.78
2025-02-20,2606.8
2025-02-21,2597.05
2025-02-24,2576.41
2025-02-25,2557.96
2025-02-26,2546.42
2025-02-27,2551.28
2025-02-28,2552.92
2025-03-03,2546.98
2025-03-04,2521.8
2025-03-05,2505.16
2025-03-06,2509.45
2025-03-07,2513.28
2025-03-10,2518.22
2025-03-11,2503.62
2025-03-12,2507.32
2025-03-13,2528.72
2025-03-14,2547.21
2025-03-17,2535.5
2025-03-18,2530.61
2025-03-19,2514.89
2025-03-20,2529.45
2025-03-21,2521.5
2025-03-24,2544.41
2025-03-25,2542.65
2025-03-26,2548.84
2025-03-27,2554.19
2025-03-28,2552.76
2025-03-31,2534.37
2025-04-01,2565.83
2025-04-02,2564.18
2025-04-03,2541.39
2025-04-07,2432.81
2025-04-08,2390.37
2025-04-09,2352.87
2025-04-10,2415.62
2025-04-11,2411.7
2025-04-14,2421.61
2025-04-15,2419.07
2025-04-16,2402.19
2025-04-17,2422.61
2025-04-18,2421.42
2025-04-21,2440.55
2025-04-22,2437.03
2025-04-23,2466.51
2025-04-24,2454.26
2025-04-25,2452.83
2025-04-28,2447.13
2025-04-29,2428.53
2025-04-30,2407.42
2025-05-06,2390.26
2025-05-07,2405.16
2025-05-08,2381.87
2025-05-09,2387.17
2025-05-12,2424.02
2025-05-13,2412.68
2025-05-14,2452.83
2025-05-15,2415.14
2025-05-16,2400.18
2025-05-19,2403.39
2025-05-20,2401.9
2025-05-21,2421.88
2025-05-22,2400.95
2025-05-23,2388.28
2025-05-26,2387.74
2025-05-27,2379.4
2025-05-28,2362.26
2025-05-29,2380.52
2025-05-30,2349.69
2025-06-03,2361.76
2025-06-04,2382.69
2025-06-05,2371.61
2025-06-06,2392.35
2025-06-09,2398.92
2025-06-10,2400.26
2025-06-11,2404.43
2025-06-12,2409.47
2025-06-13,2443.44
2025-06-16,2468.24
2025-06-17,2458.21
2025-06-18,2494.28
2025-06-19,2507.38
2025-06-20,2499.45
2025-06-23,2507.37
2025-06-24,2447.83
2025-06-25,2442.73
2025-06-26,2445.63
2025-06-27,2449.47
2025-06-30,2444.29
2025-07-01,2447.2
2025-07-02,2464.82
2025-07-03,2477.37
2025-07-04,2468.87
2025-07-07,2457.35
2025-07-08,2471.24
2025-07-09,2472.58
2025-07-10,2499.26
2025-07-11,2493.92
2025-07-14,2510.15
2025-07-15,2495.02
2025-07-16,2497.63
2025-07-17,2507.65
2025-07-18,2527.11
2025-07-21,2557.99
2025-07-22,2577.21
2025-07-23,2568.04
2025-07-24,2585.23
2025-07-25,2596.21
2025-07-28,2544.91
2025-07-29,2561.52
2025-07-30,2569.74
2025-07-31,2537.12
2025-08-01,2532.3
2025-08-04,2526.67
2025-08-05,2536.46
2025-08-06,2536.97
2025-08-07,2534
2025-08-08,2523.12
2025-08-11,2535.38
2025-08-12,2556.2
2025-08-13,2555.72
2025-08-14,2534.95
2025-08-15,2536.21
2025-08-18,2532.31
2025-08-19,2523.65
2025-08-20,2511.88
2025-08-21,2519.86
2025-08-22,2525.13
2025-08-25,2544.65
2025-08-26,2534.11
2025-08-27,2517.1
2025-08-28,2522.51
2025-08-29,2521.31
2025-09-01,2520.51
2025-09-02,2529.24
2025-09-03,2533.93
2025-09-04,2523.56
2025-09-05,2539.51
2025-09-08,2543.32
2025-09-09,2539.92
2025-09-10,2539.02
2025-09-11,2542.12
2025-09-12,2540.08
2025-09-15,2556.26
2025-09-16,2573.68
2025-09-17,2568.42
2025-09-18,2540.33
2025-09-19,2546.21
2025-09-22,2552.17
2025-09-23,2524.39
2025-09-24,2543.67
2025-09-25,2568.05
2025-09-26,2557.19
2025-09-29,2558.3
2025-09-30,2539.12
2025-10-09,2572.47
2025-10-10,2550.86
2025-10-13,2548.19
2025-10-14,2526.51
2025-10-15,2533.7
2025-10-16,2536.77
2025-10-17,2521.9
2025-10-20,2515.75
2025-10-21,2526.06
2025-10-22,2525.19
2025-10-23,2543.71
2025-10-24,2545.63
2025-10-27,2563.19
2025-10-28,2539.68
2025-10-29,2557.68
2025-10-30,2543.12
2025-10-31,2538.87
2025-11-03,2542.22
2025-11-04,2521.7
2025-11-05,2522.54
2025-11-06,2534.42
2025-11-07,2526.75
2025-11-10,2540.39
2025-11-11,2538.78
2025-11-12,2554.88
2025-11-13,2558.41
2025-11-14,2548.8
2025-11-17,2541.86
2025-11-18,2528.48
2025-11-19,2544.28
2025-11-20,2521.77
2025-11-21,2502.56
2025-11-24,2516.25
2025-11-25,2524.55
2025-11-26,2527.16
2025-11-27,2536.16
2025-11-28,2552.44
2025-12-01,2576.24
2025-12-02,2576.56
2025-12-03,2569.4
2025-12-04,2573.06
2025-12-05,2577.08
2025-12-08,2572.7
2025-12-09,2538.31
2025-12-10,2548.28
2025-12-11,2542.38
2025-12-12,2545.98
2025-12-15,2542.74
2025-12-16,2529.16
2025-12-17,2540.53
2025-12-18,2553.1
2025-12-19,2548.39
2025-12-22,2584.69
2025-12-23,2596.96
2025-12-24,2628.39
2025-12-25,2624.17
2025-12-26,2650.23
2025-12-29,2637.12
2025-12-30,2648.57
2025-12-31,2631.32
2026-01-05,2645.01
2026-01-06,2695.42
2026-01-07,2709.54
2026-01-08,2670.47
2026-01-09,2698.26
2026-01-12,2742.94
2026-01-13,2736.38
2026-01-14,2762.87
2026-01-15,2748.86
2026-01-16,2728.81
2026-01-19,2725.69
2026-01-20,2723.27
2026-01-21,2734.17
2026-01-22,2754.3
2026-01-23,2785.69
2026-01-26,2829.85
2026-01-27,2824.26
2026-01-28,2866.28
2026-01-29,2930.69
2026-01-30,2858
2026-02-02,2733.02
2026-02-03,2758.41
2026-02-04,2813.65
2026-02-05,2753.3
2026-02-06,2729.62
2026-02-09,2756.35
2026-02-10,2758.96
2026-02-11,2779.86
2026-02-12,2770.18
2026-02-13,2723.32
2026-02-24,2806.4
2026-02-25,2827.26
2026-02-26,2807.29
2026-02-27,2820.27
2026-03-02,2894.68
2026-03-03,2916.99
2026-03-04,2959.25
2026-03-05,2963.75
2026-03-06,3001.7
2026-03-09,3118.32
2026-03-10,3052.9
2026-03-11,3077.03
2026-03-12,3137.21
2026-03-13,3157.22
2026-03-16,3160.68
2026-03-17,3148.22
2026-03-18,3102.4
2026-03-19,3119.75
2026-03-20,3080.83
2026-03-23,3100.2
2026-03-24,3049.76
2026-03-25,3052.19
2026-03-26,3058.4
2026-03-27,3073.18
2026-03-30,3102.9
2026-03-31,3074.62
2026-04-01,3012.73
2026-04-02,3055.49
2026-04-03,3065.99
2026-04-07,3061.32
2026-04-08,2990.58
2026-04-09,2991.21
2026-04-10,2985.88
2026-04-13,3006.74
2026-04-14,3016.65
2026-04-15,3016.6
2026-04-16,3043.2
2026-04-17,3042.14
2026-04-20,3036.57
2026-04-21,3031.6
2026-04-22,3054.76
2026-04-23,3059.45
2026-04-24,3055.53
2026-04-27,3078.99
2026-04-28,3078.86
2026-04-29,3079.73
2026-04-30,3099.99
2026-05-06,3125.7
2026-05-07,3085.77
2026-05-08,3074.42
2026-05-11,3093.65
2026-05-12,3104.83
2026-05-13,3117.95
2026-05-14,3086.39
2026-05-15,3068.3
2026-05-18,3083.79
2026-05-19,3090.9
2026-05-20,3072.31
2026-05-21,3045.81
2026-05-22,3033.41
2026-05-25,3017.52
2026-05-26,2993.56
2026-05-27,2986.63
2026-05-28,2986.18
2026-05-29,2989.18
2026-06-01,3007.05
2026-06-02,3021.22
2026-06-03,3019.73
2026-06-04,2979.73
2026-06-05,2959.66
2026-06-08,2937.54
2026-06-09,2913.33
2026-06-10,2885.56
2026-06-11,2884.49
2026-06-12,2881.89
2026-06-15,2884.55
2026-06-16,2870.99
2026-06-17,2853.38
2026-06-18,2832.95
2026-06-22,2819.4
2026-06-23,2765.07
2026-06-24,2759.09
2026-06-25,2682.77
2026-06-26,2700.15
2026-06-29,2713.46
2026-06-30,2705.84
2026-07-01,2674.08
2026-07-02,2672.18
2026-07-03,2704.85
2026-07-06,2706.17
2026-07-07,2708.21
2026-07-08,2736.01
2026-07-09,2736.59
2026-07-10,2733.29
2026-07-13,2723.76
2026-07-14,2779.38
2026-07-15,2775.98
2026-07-16,2765.8
2026-07-17,2737.49
2026-07-20,2784.79
2026-07-21,2783.73
2026-07-22,2813.02
2026-07-23,2839.01
2026-07-24,2836.97
2026-07-27,2795.74
2026-07-28,2762.05
2026-07-29,2778.3
2026-07-30,2776.44
2026-07-31,2763.48
2026-08-03,2744.73
2026-08-04,2766.01
2026-08-05,2765.02
2026-08-06,2780.91
2026-08-07,2809.98
2026-08-10,2818.91
2026-08-11,2857.82
2026-08-12,2860.22
2026-08-13,2850.82
2026-08-14,2854.63
2026-08-17,2879.35
2026-08-18,2902.38
2026-08-19,2882.04
2026-08-20,2912.91
2026-08-21,2933.06
2026-08-24,2942.12
2026-08-25,2926.25
2026-08-26,2903.3
2026-08-27,2917.03
2026-08-28,2961.87
2026-08-31,2978.2
2026-09-01,2985.59
2026-09-02,2984.62
2026-09-03,2994.58
2026-09-04,3010.81
2026-09-07,3016.57
2026-09-08,3052.56
2026-09-09,3065.05
2026-09-10,3078.84
2026-09-11,3054.57
